:020000022000DC
:10600000882D0020F58A020001100300E18A0200B9
:10601000E18A0200E18A0200E18A02000000000039
:10602000000000000000000000000000058C0200DD
:10603000E18A020000000000758B0200E18A020084
:10604000158E0200158E0200158E0200158E0200BC
:10605000158E0200158E0200158E0200158E0200AC
:10606000158E0200158E0200158E0200158E02009C
:10607000158E0200158E0200158E0200158E02008C
:10608000158E0200158E0200158E0200158E02007C
:10609000158E0200158E0200158E0200158E02006C
:1060A000158E0200158E0200158E0200158E02005C
:1060B000158E0200158E0200158E0200158E02004C
:1060C000158E0200158E0200158E0200158E02003C
:1060D000158E0200158E0200158E0200158E02002C
:1060E000158E0200158E0200158E0200158E02001C
:1060F000158E0200158E0200158E0200158E02000C
:106100004FEA4102B2F1E04324BFB3F5001CDCF1D9
:10611000FE5C0DD901F0004C4FEAC0024CEA507011
:10612000B2F1004F40EB830008BF20F00100704740
:1061300011F0804F21D113F13872BCBF01F0004043
:10614000704741F480114FEA5252C2F11802C2F175
:10615000200C10FA0CF320FA02F018BF40F00100F6
:106160004FEAC1234FEAD32303FA0CFC40EA0C00A8
:1061700023FA02F34FEA4303CCE77FEA625307D1E5
:1061800050EA01331EBF4FF0FE4040F4400070471C
:1061900001F0004040F0FE4040F40000704700BFB6
:1061A00053B94AB9002908BF00281CBF4FF0FF317E
:1061B0004FF0FF3000F00CB8ADF1080C6DE904CEE3
:1061C00000F01AF8DDF804E0DDE9022304B07047BE
:1061D000704700BF10F8012B11F8013B012A28BFBE
:1061E0009A42F7D0D01A7047034613F8012B002AC1
:1061F000FBD1181A013870472DE9F04786468C46C6
:106200000846089E154674461946002B40F0C28089
:106210008542B2FA82F245D94AB1C2F1200300FAAE
:1062200002FC2EFA03F3954043EA0C0C94404FEA2B
:10623000154EA8B2BCFBFEF8230C0EFB18CC08FBD5
:1062400000F943EA0C43994528D9EB1808F1FF37C8
:1062500004D2994502D9A8F102072B44A3EB090304
:10626000A4B2B3FBFEFC0EFB1C330CFB00F044EAB3
:106270000344A04214D92C190CF1FF3304D2A042DC
:1062800002D9ACF102032C44241A43EA07401EB1A0
:10629000D440002334607360BDE8F0874746DDE7F3
:1062A0006346F1E792BB431B01214FEA154EAFB2A3
:1062B000B3FBFEFC200C0EFB1C330CFB07F840EA82
:1062C0000343984562D9EB180CF1FF3004D298458E
:1062D00002D9ACF102002B44A3EB0803A4B2B3FB38
:1062E000FEFC0EFB1C330CFB07F744EA0344A742F9
:1062F0004ED92C190CF1FF3304D2A74202D9ACF1CC
:1063000002032C44E41B43EA0040C0E7C2F120032F
:1063100020FA03F1954090402EFA03F303434FEA2D
:10632000154EAFB2B1FBFEFC0EFB1C10190C0CFBA2
:1063300007F841EA0041884504FA02F422D96918B5
:106340000CF1FF3004D2884502D9ACF10200294497
:10635000A1EB08019BB2B1FBFEFC0EFB1C110CFB78
:1063600007F743EA01439F420ED9EB180CF1FF31C6
:1063700004D29F4202D9ACF102012B44DB1B41EA5B
:10638000004192E76046E3E76146F7E76046A3E72E
:106390006346B7E7834206D916B9002108467BE772
:1063A000C6E900E0F9E7B3FA83F78FB9834201D376
:1063B000724508D8BEEB020460EB030301209C4643
:1063C0001EB9002168E73846FAE7C6E9004CF8E74D
:1063D000C7F1200CBB4022FA0CF41C432EFA0CF13E
:1063E00020FA0CF3B84001434FEA14490EFA07F5BE
:1063F000B3FBF9F81FFA84FE09FB18300B0C08FBFD
:106400000EFA43EA00439A4502FA07F240D9E3182C
:1064100008F1FF3004D29A4502D9A8F102002344C2
:10642000A3EB0A0389B2B3FBF9F809FB183308FBA5
:106430000EFE41EA03418E452CD9611808F1FF3365
:1064400004D28E4502D9A8F10203214443EA004058
:10645000A0FB0298A1EB0E014145CE46434602D374
:1064600006D14D4504D2B9EB020E68EB04030138A6
:10647000002EA6D0B5EB0E0261EB030101FA0CFC75
:1064800022FA07F34CEA0303F940C6E9003198E722
:106490004046C5E74346D9E7F8B510EE904A34F0D8
:1064A00000472DED048B10EE103AB0EE609A0DD13E
:1064B00083F480035B0013F5000F40F2098230EE95
:1064C000098AB0EE480ABDEC048BF8BD23F0004009
:1064D000B0F1FF4F02D8B7F1FF4F08D9B3F17E5F9B
:1064E000EDD184F48004640014F5000FE5E7002B7F
:1064F00001462DDAB7F1974F0CD3B7F1FF4F2AD0F1
:106500000225B4F17C5F41D1002BC0F28F80B1EE47
:10651000C08AD6E7B7F17E5F31D3FA15C2F1960291
:1065200047FA02F505FA02F2BA423DD1B7F17E5FB1
:106530004AD1002C80F2D281B5EE400AF1EE10FA79
:1065400050D1D80FBDEC048BBDE8F84009F030BD48
:10655000B7F1FF4F3DD1B0F17E5F00F0B98108D9AE
:10656000DFED977A002CB4BFB0EE678AB0EE498AAF
:10657000A7E7002C80F2AF81B1EE498AA1E7B4F120
:10658000804F34D0B4F17C5F5CD0002523F04042D2
:10659000B2F17E5FB0EEC08A3FD1002CBCBFB7EE37
:1065A000007A87EE088A29E0B7F17E5FC1D0002526
:1065B000B4F1804FEAD1B0F1BF4F1AD2B0F1D05F41
:1065C00029D920EE008A7CE705F00105C5F1020516
:1065D000EEE7B7F17E5FACD0B4F1804F4FF000052D
:1065E000E9D08EE7B7EE007A87EE008A69E70025EA
:1065F000E1E7B0F1FF4FB0EEC08A35D1002BBFF616
:1066000060AFA0F17E50284316D1BDEC048BBDE8ED
:10661000F84009F0DDBCB0EEC08A28BB002C1EDAC1
:10662000002B8FDA6B1E584258418BE7B0F1FF4FB9
:10663000B0EEC08A40F05581012D7FF442AFB1EE3B
:10664000488A3EE7B0F1FF4FB0EEC08A3FF439AF61
:10665000B0F17E5FD9D000283FF433AFD5E7012DEC
:1066600008BFB0EE408A2CE7DE0F013E55EA060275
:10667000CBD0B7F19A4F40F24081524B984208D8A4
:10668000002C0BDA0020BDEC048BBDE8F84009F0CB
:106690007FBC4D4B984208D9002CF3DC0020BDECA8
:1066A000048BBDE8F84009F063BCB7EE007A38EE21
:1066B000478ADFED467ADFED469A3FA1D1E9000136
:1066C00068EE278AFFF71CFD07EE900AB5EE007A08
:1066D00048EE477AB6EE007A07EEC87A68EE087A96
:1066E000DFED3C6A27EE277AF0EE687A47EE667AAD
:1066F00068EE299A39EEA77A17EE103A23F47F63F1
:1067000023F00F0307EE103A77EE699A77EEE97AF5
:10671000013D24F47F643543B7EE007A24F00F0482
:10672000BFEE008A18BFB0EE478A07EE104A67EE48
:10673000890A39EE477A07EE903A47EE270A07EEC4
:10674000104A67EE877A30EEA77A17EE101A002902
:1067500021F000431ADDB3F1864F09D9B5EEC08AA6
:10676000F1EE10FA4CBF012000208CE70120E4E09C
:1067700036D1DFED196A37EE677A70EEA66AF4EE6D
:10678000C76AF1EE10FAE9DC86232DE0134A934242
:1067900007D9B5EEC08AF1EE10FA4CBF01200020F7
:1067A0007DE71DD137EE677AB4EEE07AF1EE10FAAC
:1067B000EADBEEE7AFF30080E13D55555555D53F97
:1067C00000000000F3FF7F3F0700803F70A5EC361C
:1067D00000AAB83F3BAAB83F3CAA38330000164392
:1067E000B3F17C5F6FD9DB157E3B4FF4000018419D
:1067F0000844C0F3C753A14A7F3B1A41024007EE49
:10680000102AC0F3160040F40000C3F1170318412A
:10681000002977EEC77AB8BF404237EEA07ADFEDA5
:10682000986ADFED985A9FED986A17EE103A23F4B4
:106830007F6323F00F0307EE103A77EE677A67EE77
:10684000266A70EEE70ADFED917A67EE277A9FED10
:10685000907A40EE877AB7EE000A36EEA77A77EEA6
:10686000666A77EEE67A67EE076A47EE277A16EEF3
:10687000A56ADFED885A46EE265A9FED876A15EE27
:10688000A66ADFED865A46EE265AB0EE476A05EE56
:10689000E66AF0EE006A67EE065A36EE666AC5EE04
:1068A000866A76EEE77A77EEC77A30EE670A10EE00
:1068B000103A03EBC053B3F5000F06DA09F012FBF0
:1068C00020EE088AFDE50020A7E700EE103AF7E782
:1068D000B7EE008AF5E59FED728AF2E5B0EE408AE8
:1068E000EFE5B0F17E5F3FF48CAE00283FF4B7AE29
:1068F000002D3FF48AAE0225002613F0FF4F01BFA2
:106900009FED687A68EE077A6FF0170317EE901A1A
:106910004FEAE15218BF00237F3A1A44C1F316032D
:1069200061498B4243F07E5706DD60498B427FF719
:106930001DAF0132A7F5000700205D4B03EB80037C
:10694000D3ED005A5B4B06EE107A75EE867AF7EEC1
:10695000006AC6EEA74A36EE657A27EE245A15EE8F
:10696000101A194006EE901A534901EA670141F0E6
:10697000005101F5800101EB405107EE901A06EE3F
:10698000E77A77EEE57ADFED4D5A36EE676A65EE27
:10699000057A06EE667A9FED4A6A47EE865A9FEDC3
:1069A000496A05EEA76ADFED485A46EE275A9FED81
:1069B000476A05EEA76ADFED465A46EE275A27EEEC
:1069C000247A36EE856A67EEA77A26EE076A05EE28
:1069D000A76A66EEA64AF0EE085A74EEA57A77EE3C
:1069E000867A17EE901A194007EE901A77EEE55A5C
:1069F00027EE277A75EEE45A66EEA76A36EE656AE8
:106A000006EE057A9FED336A76EE877A17EE901AD6
:106A1000194007EE901A77EEE66A27EE866A37EE9F
:106A2000667ADFED2D6A2D4967EEA67ADFED2C6AD6
:106A300047EE267A01EB800191ED007A77EE877AB6
:106A400007EE102A274A02EB8002D2ED005A76EEBA
:106A5000276AB8EEC77A76EEA56A76EE876A16EEF2
:106A6000902A134006EE903A36EEC77A37EE657AF2
:106A700037EE467A77EEC77A4AE600BF000080FF1D
:106A80000072313F4CBB31330EEADD358CBEBF3571
:106A90001872313F55B38A38610B363BABAA2A3E98
:106AA000000000000000804B71C41C00D6B35D00E4
:106AB0000838030000F0FFFF00F0FFDF55326C3EA6
:106AC00042F1533E05A38B3EABAAAA3EB76DDB3E17
:106AD0009A99193F0040763FC623F6B8F83703006D
:106AE0004F38763F00380300014807F0DBB900BF9C
:106AF00068000020014807F0D5B900BF5800002009
:106B000007B50BF008FD4FF47A72A0FB020302FBFD
:106B10000131C00B074A40EA4140106000234FF4A6
:106B200000420548CDE9002308F03CF8002003B0FE
:106B30005DF804FBA8090020E8010020014B18784B
:106B400000F036B90E180020044B1A78824202D0A9
:106B50001870FFF7F3BF0020704700BF0E18002029
:106B600008B50BF0D8FC4FF47A72A0FB020302FBCD
:106B70000131084AC30B126843EA41439B1A47F2AA
:106B80003052934204DDBDE808400120FFF7DCBF2E
:106B900008BD00BFA809002008B50BF0BCFC4FF4ED
:106BA0007A72A0FB020302FB0131C00B044A40EAE7
:106BB00041401060BDE808400020FFF7C5BF00BF9E
:106BC000A8090020F8B5044610B900252846F8BDEC
:106BD0000378002BF9D00F4E0F4FBE420FD30D4E4E
:106BE000BE42F2D230680BF07DF930B135682146F3
:106BF0002868FFF7EFFA0028E8D00436F0E730689D
:106C00000BF070F918B135682B68A342DED004365A
:106C1000E3E700BF303F0300503F030070B5194C5D
:106C2000194D8CB00022002303A9204606F030FE47
:106C300008B10CB070BD2B68059E5868DDE90312E1
:106C400009F081FA0028EDDBFF238DF81830B6FA41
:106C500086F35B0907908DF820300BF05CFC4FF455
:106C60007A72A0FB020302FB0131C00B40EA4140F3
:106C7000C90B8DE8030006ABCDE90A010FCB00F08C
:106C8000B1F8CFE778020020C00900201FB50A4CF8
:106C90002468A46884420DD183F00103CDE9011278
:106CA000039306480022002301A906F099FD044839
:106CB00007F0F8F804B010BDC009002078020020E9
:106CC000B0090020014B036001207047AC0900208F
:106CD00038B5044628B3144D2B6883421FD02BB11E
:106CE000986818B183685B6803B198470F49104BE7
:106CF0008C4214BFED2100210122002009F03DFA51
:106D000000280DDBA0682C6048B1836809491B6826
:106D100098472B68986883689B6803B19847002060
:106D200038BD6FF01200FBE7C00900207C3403007F
:106D3000AC0900208D6C02000148FFF7C9BF00BFFD
:106D40007C34030008B5054905480BF080FA054B73
:106D500000221A60BDE80840FFF7EEBF1D6C02007C
:106D6000B0090020AC090020F8B50F4D0F4E761B7E
:106D700007460C4605EBC105C6F3C706A64201DC73
:106D800000200CE02A683B689A4209D13C716B688C
:106D900038461B68984718B1431E012BF0D9F8BD3F
:106DA00001340835EAE700BF843B0300B43B03002D
:106DB0001FB50023CDE90233044B8DF80C0001A868
:106DC000019309F0E7F905B05DF804FB983403007E
:106DD0000268034B9A420CBF08300020704700BF86
:106DE0009834030084B030B589B00CAC84E80F004F
:106DF000002301930CAD084B00930FCD02AC0FC4E0
:106E000095E8030084E80300684609F0C3F909B077
:106E1000BDE8304004B070479C3403000268034B67
:106E20009A420CBF08300020704700BF9C3403001A
:106E30001FB50023CDE90233044B8DF80C0001A8E7
:106E4000019309F0A7F905B05DF804FBA434030031
:106E500082B038B504A981E80C000546114806F057
:106E600023FB0446A0B16B68012B0CD0022B05D08C
:106E7000A3B9BDE8384002B009F0A2B909F0A7F9FA
:106E800000282046F5DCBDE8384002B009F091B991
:106E90006FF00400BDE8384002B070476FF0850025
:106EA000F8E700BFB238030082B010B502A981E84C
:106EB0000C0004460B4806F0F7FA78B16368022B21
:106EC00004D00020BDE8104002B0704709F07FF9FF
:106ED0000028CCBF002001206060F2E76FF00400C2
:106EE000F0E700BFB238030002460249024809F049
:106EF000C6B900BF0C0A0020103503000246024943
:106F0000024809F0BCB900BFF409002000350300B5
:106F100002460249024809F0B2B900BFDC0900206C
:106F2000F034030002460249024809F0A8B900BF44
:106F3000C4090020E03403000D4A52F82030013328
:106F400042F820300B4A0123117883400B430A4951
:106F50000978DBB2137023EA01030849084A09786B
:106F600050780B43181A537018BF0120704700BFA8
:106F7000380A0020121800201018002011180020D4
:106F8000BF01002010B5114A52F82030002B19DD46
:106F9000013B42F820300E4A2BB913780121814081
:106FA00023EA010313700B480B4B047810780B4A4B
:106FB0005978127820EA040010435870401A18BF1C
:106FC000012010BD6FF01500FBE700BF380A00205C
:106FD0001218002010180020BF01002011180020F6
:106FE000044A012312788340D8B213401B1A584236
:106FF000584170471218002010B5084B084A187005
:10700000084B51781C78084B1B7823EA040318437B
:107010005070401A18BF012010BD00BF1118002089
:10702000BF0100201018002012180020074B00227A
:107030001A70074B074A1978074B50781B7823EAD8
:107040000103181A537018BF01207047111800204F
:1070500010180020BF01002012180020A0F1E0034A
:10706000072B03D82030C0B2FFF766BF064B0622BD
:1070700013F8011F19B1013AFAD1002070471870B6
:107080000028F8D0F9E700BFC1010020A0F1E0031B
:10709000072B10B405D820305DF8044BC0B2FFF7C1
:1070A00071BF0023064A194612F8014F0133A0426E
:1070B00008BF1170062BF7D100205DF8044B704714
:1070C000C1010020A0F1E003072B03D82030C0B29B
:1070D000FFF786BF064A002312F8011F884204D03A
:1070E0000133062BF8D1002070470120704700BF04
:1070F000C1010020024B00221A605A60704700BF95
:10710000C0010020B0F5805F10B510D209490023FE
:1071100001EB4302B2F8014024B10133062BF7D151
:10712000002010BDA2F801000028F6D0F8E76FF0AB
:107130008500F6E7B201002030B50023074C194660
:1071400004EB43020133B2F80150854204BF517091
:107150009170062BF4D1002030BD00BFB201002099
:10716000024B00221A605A609A607047B3010020F7
:10717000074A002302EB4301B1F80110814204D019
:107180000133062BF6D1002070470120704700BF65
:10719000B2010020042810D8094A52F820300133E7
:1071A00042F82030074A0123117883400B43DBB2B9
:1071B0001370054A0020537070476FF01500704738
:1071C000240A00200F180020A8010020042814D849
:1071D0000B4A52F82030002B0FDD013B42F82030E3
:1071E000084A2BB913780121814023EA0103137067
:1071F000054B12785A70002070476FF015007047E9
:10720000240A00200F180020A8010020014B5880FC
:1072100099807047A8010020014B1881D9807047E0
:10722000A8010020024B00221A605A601A727047AF
:10723000A901002000487047BF01002000487047A6
:10724000B201002000487047A801002008B503469D
:107250000069034903630BF026F8002008BD00BF56
:1072600035730200F8B52DED028B0C46B1F9041010
:10727000054631B99FED2D0A84ED000ABDEC028B65
:10728000F8BDD4E9027657EA06004CD0A888C019A8
:1072900046F10006121A63EB0603012A73F100009F
:1072A00041DB4FF47A7607EE901AA2FB062106FB2B
:1072B0000311E888D30B43EA414398424FEAE13196
:1072C0004FF000028A41B8EEE78A14DB98B16A7A7F
:1072D0008AB107EE100A07EE903AB8EEC70AF8EE48
:1072E000E77A07EE102A87EE800AF8EE470AFFF7E2
:1072F000D3F828EE008A2B7ADFED0D6A07EE103AFC
:10730000B8EEC77A27EE087AC7EE267A94ED007AAF
:1073100077EE877ABDEEE70AB8EEC00A77EEC07A5C
:10732000C4ED007AAAE7DFED017AEFE70000000084
:1073300000007A442DE9F0412DED028B076B84B0FB
:107340007E6804460BF0E7F80D4602460B46804681
:1073500004F138013046FFF785FF2B46424604F121
:1073600048013046F0EE408AFFF77CFFFDEEE87AF8
:10737000B0EE408A17EE903AFDEEC07A1BB217EEDF
:10738000902A15B2EBB1DFED2F7A3288F4EEE78A5E
:10739000F1EE10FA4CD9DFED2C7AF4EEE78AF1EE3B
:1073A00010FA47F6FF7158BF0B4600200021CDE9C7
:1073B0000201B5FA85F1490900913846022101F030
:1073C0006BFFDDB1DFED1F7A7288B4EEE78AF1EE74
:1073D00010FA2FD9DFED1C7AB4EEE78AF1EE10FA3D
:1073E00047F6FF7348BF2B4600200021CDE902017C
:1073F000012100913846022101F04EFFB4F93C30E2
:1074000013B9B4F94C30BBB1307AC0034FF47A727F
:10741000002300F2E7300021FEF7C2FE02460B46D1
:10742000204604B0BDEC028BBDE8F04106F0A8BDDB
:10743000064BBAE7054BD7E704B0BDEC028BBDE8BD
:10744000F08100BF000000C700FEFF460080FFFF84
:10745000044B1B78013B012B01D800F0A1B900209F
:10746000704700BFC8010020044B187828B10128DC
:1074700001D109F03EBA6FF085007047580A00202C
:10748000044B187828B1012801D109F03ABA6FF0FD
:1074900085007047580A00201FB5FFF7D9FF00226A
:1074A000CDE9022202A98DF8080003C9044C6B46FD
:1074B00083E8030084E80300104604B010BD00BF59
:1074C000580A002082B00DF1080C0CE9030019469F
:1074D0009DF80030012B104606D0022B06D053B980
:1074E000064A02B007F0D0BB054AFAE7019B054AFD
:1074F00002B007F0C9BB044AF3E700BFFE3803003F
:1075000003390300073903000E390300044B1878D0
:1075100028B1012801D109F0FCB96FF0850070474E
:10752000580A002070B588B0FFF792FF0023CDE91C
:10753000053305AE8DF8140096E803000D4C01AD3F
:1075400094E80C0085E8030009F0DBF880B909F045
:1075500000F995E803000A23324684E80300FFF7A8
:10756000B1FF94E8030003AB83E8030000F004F8E4
:1075700008B070BD580A00207FB56B4683E8030051
:1075800093E80300002206AB03E90300039202A87C
:10759000034A029208F0FEFD07B05DF804FB00BF4D
:1075A0008435030030B585B078BB11B9002005B033
:1075B00030BD1848184D01682C6841F00103036084
:1075C00032B344F00100994228601BD04FF480731D
:1075D000ADF800308DF802200AF09DFF4FF47A726A
:1075E000A0FB020302FB0131C00B40EA4140C90B82
:1075F000CDE9020104AB13E90F0005B0BDE830404E
:1076000000F04CB88442E1D1D0E76FF01500CEE72E
:107610009942F8E7640A0020680A0020014B1968C3
:1076200009F0F4B8640A002007B519B1002003B0CE
:107630005DF804FB0028F9D101A8FFF743FB0028FF
:10764000F4DD019B1B68002BF0D10148EFE700BF80
:107650009035030073B50F4B06460C4615461AB11C
:107660000D4A126843F8212053F82410002009F035
:10767000CDF858B1DDE906230021CDE900233046DD
:107680002B46224609F0D4F8002801DD6FF0850072
:1076900002B070BD600A0020640A002010B58AB0F4
:1076A0006C4684E80F0000230593064B049394E88E
:1076B0000F000AAC04E90F0004A808F06BFD0AB043
:1076C00010BD00BF9C35030084B030B589B00CAC50
:1076D00084E80F00002301930CAD084B00930FCDFD
:1076E00002AC0FC495E8030084E80300684608F084
:1076F00051FD09B0BDE8304004B07047A435030027
:107700000268034B9A420CBF08300020704700BF4C
:10771000A435030008B5044800F0B6FD002818BFE2
:107720006FF0150008BD00BF61770200014B1878AB
:10773000704700BFC9010020084B1B780B2B4FF08E
:1077400001000AD8984010F4CD6F05D110F4016FF4
:107750000CBF01200020704702207047C9010020A3
:107760000A2808B5024613D00A4B0B491870FFF7D8
:10777000E3FF02280AD10B78032A08BF43F0010374
:107780000B70BDE80840054806F08CBB0023F7E706
:1077900008BD00BFC9010020131800207800002098
:1077A00008B5FFF7C9FF022806BF034B1878002071
:1077B00000F0010008BD00BF1318002010B50948F3
:1077C000094C05F071FE206048B1084B0849B02211
:1077D00001F02AFD206809F055FC002010BD6FF073
:1077E0001500FBE7793903006C0A0020A835030077
:1077F0007F39030038B504460D46FFF797FF0B2885
:107800000BD8DFE800F01E1E0A0A1E060A0A0A0A42
:107810000A1EBDE8384000F015BD4FF47672002313
:10782000094806F0C5F909482146006800232A46A0
:1078300009F032FC044610B1034806F085F92046F1
:1078400038BD6FF01204FAE7B00200206C0A002085
:10785000014806F079B900BFB0020020014B1B6857
:10786000184700BF8800002030B585B004460D469B
:107870001022002168460AF010FF02238DF8023022
:107880002A46044B01932146684607F0C5FA05B025
:1078900030BD00BF5D78020080B505460E46174634
:1078A000984606F0A1FE03460BF05EFADFF818904A
:1078B000044649F80030424630463946A84754F855
:1078C000090001F041F900BF0800000008B50446B6
:1078D000EFF31183202383F31288BFF36F8F04F03B
:1078E0001FFA204601F01EF9024809F0E9F909F0F3
:1078F00099FBFCE72F3A03002DE9F047058B04467E
:107900002807904611D4022905F0070540F0CC80E5
:10791000204609F0FDF978B10138218B042811D8EF
:10792000DFE800F0C2106D85950001290CBF45F01D
:10793000100545F02005258388F31188BFF36F8F6C
:10794000BDE8F08701F0070AAA4500F0A5800027EE
:10795000B9463E46A368002B00F0BC8041F0080108
:10796000218388F31188BFF36F8FA168002900F08D
:10797000BA800D68002900F0B680D1F80480334643
:1079800052462046C047002D76D02B6829461D461A
:10799000F0E701F007035A1F012A1BD8002221F04B
:1079A0000701062B276889B2C4E9002209D13B46AA
:1079B00003E0628B013262831B68002BF9D141F036
:1079C00002012183204609F0A3F900287AD041F072
:1079D000200176E0042B0AD121F0070189B221832E
:1079E000204609F095F910B141F020012183218B47
:1079F00001F0070AAA454FD00027B946AAE7236934
:107A000021F0070141F00601062DD3F800902183F3
:107A10002DD1B9F1000F3FD041F00801218388F347
:107A20001188BFF36F8F3A492046C84729E021F0FB
:107A30000701236941F0040189B2042DD3F80490B1
:107A40002183E6D000273E464FF0040A82E721F06A
:107A50000701236941F0050189B2052DD3F808908B
:107A60002183D6D000273E464FF0050A72E7002753
:107A70003E464FF0060A6DE72B4687E7B9F1000F47
:107A8000D1D1EFF31188202383F31288BFF36F8FD6
:107A9000238B23F008032383258BEA062ED525F0BC
:107AA0001003238305F007056669218B002EBFF6BE
:107AB00070AF00232768C4E9003321F0070141F0CB
:107AC00001012183218B01F0070AAA454FF000092B
:107AD0007FF440AF002F9CD041F00801218388F350
:107AE0001188BFF36F8F002FC8D03D6839463346E9
:107AF0005246204609F038F92F46F4E7AB067FF5E9
:107B00001BAF25F02003238305F0070500E700BF26
:107B1000950D0300014B036000207047C035030042
:107B2000F0B40C4B0C4E5F6A0C4BB34203D36FF0B6
:107B30008500F0BC70475D68BD4209D31C693CB14B
:107B400095F802C00579AC4502D12346F0BC184730
:107B50002433EAE7700A00207C0300205803002049
:107B60002DE9F047134CDFF85080DFF850900546C0
:107B70000E461746444503D36FF08500BDE8F087F5
:107B80006268D9F824309A4212D3A36983B19078FD
:107B90002979884205D13A4631462846BDE8F04762
:107BA00018475279012A03D13A4631462846984768
:107BB0002434DFE7580300207C030020700A0020F3
:107BC0002DE9F0410B4CDFF8308005460E46174694
:107BD000444502D36FF0850009E063690BB9243492
:107BE000F6E73A463146284698470028F7D1BDE8DF
:107BF000F08100BF580300207C03002010B504462C
:107C000009F086FA10F1780F00D050B9054A2046E5
:107C100009F096F9D2F8C43023EA0003C2F8C43060
:107C2000002010BD700A0020024B00221A605A602A
:107C3000704700BF2B0B002070B50B4B0B4CA342C1
:107C400001D3002070BD196A1E7F00220439D5B20D
:107C5000AE4201D82433F2E7013211F832508542A6
:107C6000F5D10120EEE700BF580300207C0300207F
:107C700008B509480378C3F341130A3350F8233099
:107C80003BB100F1080200F110019847C043C00F5A
:107C900008BD1846FCE700BF700A002004282DE943
:107CA000F14FDFF8A09004460F4616D001282DD1E1
:107CB000DFF88C8098F8B93043B300F06DFD1F4DAC
:107CC0004D4520D2D5F820B04FF0000A2B7F5FFA47
:107CD0008AF6B34204D82435F2E7FFF7A5FFE7E7B9
:107CE0000BEBC6060AF1010A307909F011FA0246D7
:107CF000307909F025F9D8F8C430002A23EA0003C6
:107D0000C8F8C430E2DA002388F8B9300B4D4D458D
:107D100008D30B4B1B6A6BB13946204601B0BDE856
:107D2000F04F1847EB681BB13A4621462846984762
:107D30002435ECE701B0BDE8F08F00BF5803002008
:107D4000700A00207C03002073B5C4B263060D46A0
:107D50008DF8074007D02046FFF76EFF78B10D4B36
:107D600093F8BA0058B10B4E204655B101F096FE7B
:107D7000F3691BB10DF1070108209847012002B0FB
:107D800070BD01F0B3FEF369002BF7D00DF10701D0
:107D90000920F2E7700A002073B586788DF800603C
:107DA000037942791C4C43EA0223ADF80230C378D0
:107DB000304603F003038DF8043009F0C1F8D4F81D
:107DC000C430184205460BD0304600F0C7FC3046A0
:107DD000FFF714FF0AF086FA10B9962006F0C2FBEE
:107DE000684601F037FE10F1780F03D010B1002083
:107DF00002B070BD9DF8000001F0B4FE10F1780FE4
:107E000001D00028F3D1D4F8C43001202B4384F8EA
:107E1000B900C4F8C430EBE7700A00202DE9F04740
:107E2000A34EB36904460F461546FBB9237803F009
:107E30001F03012B00F09D80022B00F0048133BB57
:107E400094F900002A686178002834DA062912D0F3
:107E500008292BD0D9B901231370517096F8C3307B
:107E60005B0043F00103137002232AE198470028C6
:107E7000DCD100200DE06288100A011F0129844630
:107E800005D9072803D8716AD2B20C781CB96FF0F3
:107E90001500BDE8F0874E78664503D19A4200F0A0
:107EA0000B8101332144F0E70B780AE196F8BA30F0
:107EB0001370012305E101390829E8D801A353F81B
:107EC00021F000BF5D7F02008F7E02006B7F020009
:107ED0008F7E0200E97E02008F7E02008F7E02000C
:107EE0008F7E0200F57E0200A07801F0A1FD00283F
:107EF000BFD0CCE76388756A63BBFFF795FE6388E4
:107F000086F8BA30F369002BB3D06A49032098474A
:107F1000AFE76B78042B10D0052B11D0022B04D1C6
:107F20006F796388BB4208BF01202B781D442B78F2
:107F3000002BEED10028AAD0DFE795F80380F4E704
:107F40006388BB42F1D1B8F1000FEED12846FFF7AC
:107F500023FFEAE7FF270020B846E8E76388012B04
:107F600095D1002386F8C33083E76388012B8ED137
:107F7000F8E796F8BA30D5F800C0002B87D0756ABC
:107F8000A38894F804E02A46107800283FF47FAFD5
:107F90005178022904D192F80480F04500F29380D0
:107FA0000244F1E78CF800208CF80120396060E78A
:107FB000154494E00B2A7FF46AAF00274FF0FF08C6
:107FC000C146BA4606E06B78042B0FD0052B21D0B2
:107FD0002B781D442B78002BF5D1F36913B1514652
:107FE00007209847002F7FF444AF50E795F80280B0
:107FF000A38895F803909845EAD163889945E7D11D
:10800000B8F1070F1CD806EB0803AA4683F8BB900B
:108010000127DDE7A3884345DAD1A3784B450AD091
:10802000AF78384600F09AFB3846FFF7E7FDB0FA24
:1080300080F77F09CCE72846FFF7AEFE0746C7E783
:10804000AA460027C4E794F900206378002A18DACA
:10805000002B7FF41CAF24792D6863060AD02046DC
:10806000FFF7EAFD00283FF412AF96F8BA30002B74
:108070003FF40DAF2946204601F058FD00236B70F8
:10808000F2E6012B08D0032B7FF401AF6388002BAD
:108090007FF4FDAE012103E0618800297FF4F7AE93
:1080A000A088FFF751FE00287FF4E3AEEFE600BFA3
:1080B000700A00202A0B0020022829607FF4F4AE09
:1080C0004B883B60D5E694F9000062780028BFF643
:1080D00071AF002A3FF466AF0A2A7FF4D8AE2A783F
:1080E000002A3FF4D4AE697804297FF461AFA978FF
:1080F0008B427FF45DAF072B96BF9B19002393F84B
:10810000BB308CF80030D4E613B5164C237DF3B9A0
:10811000E268A168019201AB802008F01FFF019A7C
:10812000A3681344A360E3689B1AE3606BB962B170
:108130002369E2889A4208DD94F8C82093FBF2F1A3
:1081400002FB11330BB90123237502B010BD0023CC
:108150001A4619468020237502B0BDE8104001F090
:108160002BBD00BF700A002030B585B00023024649
:108170000D460193002858D1002935D108220B461D
:108180000DEB020108F0DDFF002804DA802001F089
:1081900085FC05B030BD2A4C029A2260039A6260C9
:1081A00004F13802A2609DF90820BDF80E30257553
:1081B000002AC4E903550ADB802B04D9802001F092
:1081C0006DFC0020E3E713B1C4E90333E1E7FFF7F7
:1081D0004FFD0028DAD0E28823699A42D4BFE260DA
:1081E000E360FFF791FFD4E7154CD4E90215002DA9
:1081F00001AB04DC08F0A5FF0028CADAC6E72A466E
:1082000008F09FFF0028D9DB019AA3681344A360FC
:10821000E3689B1AE360002BBBD104F13803A36031
:10822000FFF726FD0028DCD1B0E78028B1D1044B50
:10823000DA68002AD5D11B7D002BD2D1A9E700BF77
:10824000700A0020044B93F8C3300BB108F088BFCC
:108250006FF00C00704700BF700A0020054B064A03
:108260009A62064ADA62064A1A63064A58629A61B4
:1082700000207047700A00201D7E0200217B020052
:10828000C17B0200617B02002DE9F3410446474DAA
:1082900047484FF0FF334FF0FF3205F05BFB95F896
:1082A000B830002B7BD16B6A83B142482C62E86105
:1082B0006E6A01F09BFD01F089FB041E10DA3C4858
:1082C00005F0C0FB204602B0BDE8F08100F0BEF82A
:1082D000FFF7C4FF6B6A002BE7D14FF0FF34EEE7E6
:1082E00000F07CFA041EEADB7378012B5AD1F37993
:1082F000002B57D00026684685F8C830ADF802300C
:108300008DF804608DF8006001F0A4FB041ED6DB3C
:10831000802768468DF8007001F09CFB041ECEDBC0
:108320002549304601F04EFD041EC8DB224938467F
:1083300001F048FD041EC2DB204CDFF88480444578
:108340001AD3002001F00EFC041EB8DBD5F8C430AF
:10835000802043F00103C5F8C43001F003FC041E83
:10836000ADDBD5F8C43043F48033C5F8C430012305
:1083700085F8B8300024A2E7276A0026227FF3B2EE
:108380009A4201D82434DAE707EBC30257F83310D6
:10839000107901F017FD01360028EFD09DE76FF04E
:1083A00077048CE76FF0150489E700BF700A00209E
:1083B0003C0200209D7C02006981020058030020DD
:1083C0007C03002030B51F4B8BB005AA03F11005CC
:1083D00018685968144603C40833AB422246F7D1E3
:1083E0001B7823701022002101A80AF056F91222EE
:1083F000002115480AF051F9102101A808F0AEFF3C
:1084000000281BDD0828B8BF0820093801AB0E4939
:108410001A18002012F8013F0AAC04EB131403F001
:108420000F0328336B44013014F8144C13F8143C38
:108430000C7008284B7001F10201EBD102480BB01F
:1084400030BD00BF583A0300151800202DE9F04F49
:10845000724B93F800B087B0BBF1000F03D07048A7
:1084600007B0BDE8F08F6E4C00264FF0011AB04601
:108470003546B14623783BB96A4B02349C42F3D16E
:10848000664A01231370EAE76378052B1BD8DFE8FF
:1084900003F08E03C38E1D39402304A88DF810B05D
:1084A000ADF812308DF814B008F01DFE40B108236D
:1084B00004A8ADF8123008F016FE08B1ADF812B0FD
:1084C000BDF81230E37123781C44D3E7E378002B26
:1084D000F9D1A3786BB108F101085FFA88F8F2E7E7
:1084E0006B689C4207D024354F4B9D42F8D3002047
:1084F000B6E74E4DF8E7AB68002BECD0414620467E
:108500009847E8E7002DF2D000222B7F9A42EED266
:10851000296AA07801EBC2010B79984201D001329F
:10852000F3E70127E07800F003008DF814002079CC
:1085300094F805C040EA0C20ADF8120094F902004E
:108540000028FBB228DA07F110004FF0010C0CFAFA
:1085500000F010EA0A0F26D143F080008DF81000D9
:1085600004A8CDE90213019208F0BDFDDDE9012167
:10857000039BC0B99DF81020A27012F0800F18BFA5
:1085800010330A7118BFDBB24FF0010214BF9A40DA
:10859000BA404AEA020A96E70120B84010EA0A0FF8
:1085A00001D11846DAE70137102FBBD1B7E7032E08
:1085B0001AD1FFF707FF074650B1FDF715FE024637
:1085C00030B11028A8BF10223946A01C0AF057F875
:1085D00023786FF00201E218091B04EB5303D14228
:1085E00013D50136F6B26EE7002EF1D1B9F1000FC6
:1085F0003FF47DAFA4EB090389F80230C3F30723EE
:1086000089F8033089F80480EBE702F801BC13F81D
:10861000010902F8020DE2E7A14654E71418002010
:10862000D0020020580300207C03002058030020C3
:1086300010B5094B00211A461C78844204D15C68AD
:1086400014B102EB811010BD0131042903F1400384
:10865000F2D10020F7E700BF3C0B00202DE9F341E9
:1086600050F8283C10F82C6C103304460AD10369EA
:1086700050F8202C980736D5D2B9590715D50023C4
:1086800044F8283C54F8283C10330BD054E90775C3
:1086900054F8148C09F026FE00284FD02E482146AD
:1086A00009F0F1FD02B0BDE8F08143F0040323615D
:1086B00054F8241C01AB304608F050FC10B16FF0A8
:1086C0001503DDE7019A54F8243C134444F8243C94
:1086D00054F8203C9B1A44F8203C54F81C3C1344AA
:1086E00044F81C3CCEE754F8241C01AB304601F0A2
:1086F000DFFA0028E3D1019D54F8243C2B4444F8D0
:10870000243C54F8203C5B1B44F8203C54F81C3CAF
:108710002B4444F81C3C002DB1D0304601F06CFBDA
:10872000B5FBF0F303FB1055002DA8D154F8203C05
:10873000002BA4D0304601F003FBA3E744F8180C4B
:10874000A4F1100005F000FA002DABD042463946E6
:108750003046A847A6E700BFE807002010B5EFF3B2
:108760001184202383F31288BFF36F8FFFF760FF1C
:1087700050B14368103307D16FF08B03436000F1B1
:108780002C01044809F07FFD84F31188BFF36F8F3B
:1087900010BD00BFE8070020F8B50E4C04252027C7
:1087A000EFF3118687F31288BFF36F8F636810337E
:1087B00007D16FF08B030848636004F12C0109F0C6
:1087C00062FD86F31188BFF36F8F013D04F1400411
:1087D000E6D1F8BD3C0B0020E807002070B50A4C3C
:1087E0000A4E00253146204609F031FD0122A4F150
:1087F00010001146013509F0ACFC042D04F14004D1
:10880000F0D1002070BD00BF680B00205D86020023
:1088100030BFFFF7FDBF00BF2DE9F0410B4EDFF881
:10882000348006EB0807CC1B054632460849204633
:1088300009F025FFA01942460021083C09F02DFF50
:108840002C6707F10800BDE8F08100BF00000000C0
:10885000BC31030004000000054B9A699B689A42F2
:108860001FBF044A536843F080535360704700BFF2
:10887000CC17002000ED00E0134B9A6A12F0007F45
:108880009A6A14BF1E201D2012F0807F9A6A18BFBA
:108890001F2012F4002F9A6A18BF212012F4802F93
:1088A0009A6A18BF222012F4003F9A6A18BF232048
:1088B00012F4803F9A6A6FEA02426FEA12429A62A9
:1088C00018BF2420704700BF00ED00E010B5194B21
:1088D0000246986A9C6A10F4805F14BF1720162025
:1088E00014F4006F9C6A18BF1820A40509D5986B72
:1088F000986A000404D51AB19A6A22F400429A6276
:1089000019200C4B9A6A12F4806F9A6A18BF1A20C9
:10891000D2050CD49B6A13F4005F18BF1C20054AD3
:10892000936A43F47F43936200230B7010BD1B20B6
:10893000F5E700BF00ED00E010B51C4B0246986A59
:108940009C6A10F0100F14BF1120102014F0080FB3
:108950009C6A18BF1220A40709D5586B986A0006B4
:1089600004D51AB19A6A22F080029A6213200F4B42
:108970009A6A12F0010F9A6A18BF142012F0200FA1
:108980009A6A18BF1520D40658BF9B6A074B9A6A8B
:10899000920642BF5A6A22F400525A629A6A42F020
:1089A000FF029A6200230B7010BD00BF00ED00E0D3
:1089B00070B5444B5B689CB00646C3F308030025C2
:1089C00085F31188BFF36F8F02F07F40B0F17F4FC6
:1089D00011D102F00C0008280DD010074CBF0E4634
:1089E00001250022033B8DF80720032B05D8DFE883
:1089F00003F01E5C60592E46F3E700249DF8073013
:108A00009BB96822314602A809F039FE099B002D66
:108A100053D0C3F3080222B96FEA53236FEA43230A
:108A2000099302A9204608F0E1FA1CB070BD254B5D
:108A3000DA6A9107E1D4DA6A002ADEDBDA6A5200E8
:108A4000DBD55A69B16942F480725A61BFF34F8F26
:108A5000BFF36F8F5A6931F8021C22F480725A6199
:108A6000BFF34F8FBFF36F8F4DF60272914209D063
:108A70009A6AD2B242B10DF107010120FFF75CFF03
:108A80000446BBE73468B9E79A6A12F47F4F05D011
:108A90000DF107010120FFF719FFF1E79B6AB3F51C
:108AA000803FAAD3FFF7E8FEEAE70DF107010020B7
:108AB000E4E70DF107010020EDE723F4FF7323F055
:108AC0000103ADE700ED00E0044B5A6942F01002EB
:108AD0005A615A6922F008025A61704700ED00E0BD
:108AE000EFF30880EFF3098101B57246FFF760FFED
:108AF00001BD00BF03F048FB202080F31188084827
:108B00004FF40061401880F30988EFF314800221CC
:108B1000084380F31488BFF36F8F00F0CDF8000096
:108B200048200020BFF34F8F0549064BCA6802F466
:108B3000E0621343CB60BFF34F8F00BFFDE700BF80
:108B400000ED00E00400FA05084B9B6883420BD15E
:108B5000EFF3058343B1064B5A6842F080525A60E6
:108B60005A6A22F400425A6205F044BDCC17002034
:108B700000ED00E020498A6882F8BDE04FF0300047
:108B80001044EFF3098C80E8F01F1EF0100F03D1A2
:108B900002F17C0080EC108A202080F31288BFF361
:108BA0006F8F164F4FF000668A698A603E60106FC3
:108BB000134C206092F9BDE0506F0023536780F39F
:108BC00011881EF0100F03D00023E1EE103A03E0ED
:108BD00002F17C0090EC108AEFF3148323F004037D
:108BE00083F31488BFF36F8F02F1300090E8F01F19
:108BF0008CF3098870470000CC17002004ED00E0DA
:108C00003C0C00201EF0040F0CBFEFF30880EFF3C4
:108C10000980816911F8021C0229FFD001B5724652
:108C200008F0EAF901BD00BF40B2002807DB044AA2
:108C30004109012300F01F00834042F821307047B2
:108C400000E100E040B200280CDB4309064900F0D7
:108C50001F0020330122824041F82320BFF34F8FB1
:108C6000BFF36F8F704700BF00E100E0054B420982
:108C700000F01F0053F82220012303FA00F01040F7
:108C8000704700BF00E100E040B20028A8BF00F13B
:108C9000604001F10101B8BF064B4FEA4111ACBF82
:108CA00000F5614000F00F00C9B2B4BF195480F85C
:108CB0000013704714ED00E0144A08B5144B22F07D
:108CC0007F029A60BFF34F8FBFF36F8FD3F8882076
:108CD00022F47002C3F88820D3F8882042F4A0025E
:108CE000C3F888204FF04042C3F83422BFF34F8FBF
:108CF000BFF36F8F0023E1EE103A04F089FC05F01A
:108D0000B1FD00F07BF804F0C3FC00BF006002007E
:108D100000ED00E042F8203C009B42F81C3C019B27
:108D200042F8183C0A49029B42F8143C4FF0807309
:108D300042F8043C21F00101002342F8081C203ACB
:108D400043674FF47D430265C0F8BC30704700BFF5
:108D500099780200104B9B6883421AD1EFF305808B
:108D6000B8B9EFF31181202282F31288BFF36F8F1D
:108D70001A7B22F002021A73EFF3148323F0040328
:108D800083F31488BFF36F8F81F31188BFF36F8F64
:108D900070476FF015007047CC17002000B50E46E5
:108DA00015460023E1EE103AEFF3148323F0040399
:108DB00083F31488BFF36F8FBFF36F8F084B026F7D
:108DC0009860084B1A602C4686F309880020064BF1
:108DD00098472046002100220023044C204700BF72
:108DE000CC1700203C0C00201710030099780200DB
:108DF000014B10221A61704700ED00E00448002387
:108E00002021C2180133302B82F80013F9D17047AA
:108E100000E100E008B5EFF30583064A103B02EBE2
:108E2000C30152F8330049688847BDE80840FFF79E
:108E300013BD00BF882F0300024B034A03480121E2
:108E400000F066B80000042000000020C0350300D8
:108E5000084AC2F898000B6823F01F03034343F04D
:108E60001003C2F89C308B6843F00103C2F8A030B5
:108E7000704700BF00ED00E02DE9F043DFF86080AF
:108E800085B00E461F4604464FF00009B14523DA6F
:108E90006068D8B13FB1411E08421BD11F2819D9C3
:108EA0002368194216D12368019308F0D7F8A36804
:108EB00003430393D8F89050C5F30725D0B2013D82
:108EC000A84207D801A9FFF7C3FF421C09F1010915
:108ED0000C34DBE76FF01502104605B0BDE8F083F7
:108EE00000ED00E0044B0522C3F89420BFF34F8F40
:108EF000BFF36F8F704700BF00ED00E0BFF35F8FDF
:108F0000024B0022C3F89420704700BF00ED00E040
:108F100010B5034C01232278FFF7AEFF207010BD7F
:108F2000271800202DE9F043534B544CD3F89030D0
:108F30002568C3F307239D4285B000F29A80FFF7AE
:108F4000DDFF00200C2685421AD14D4C4D4F257077
:108F50006846FEF7DFFDDFF82081DFF82C9106463A
:108F60000025AE4213D1237843490020D1F8902048
:108F7000C2F30722934276DBFFF7B4FF002042E002
:108F8000616806FB0011FFF763FF0130DBE7009823
:108F900000EB05114FEA051CCB683B40B3F5000F11
:108FA00048D00AD8B3F5001F30D0B3F5800F36D0C3
:108FB000B3F5801F10D00135D3E7B3F1807F42D0E5
:108FC000B3F1007FF7D150F80C3088684A6808F098
:108FD00045F840F4802009E050F80C3088684A6871
:108FE00008F03CF840F0885040F43020CDE90123EF
:108FF0000390D8F890302078C3F30723013B9842C0
:109000002AD96FF0150005B0BDE8F08350F80C3098
:1090100088684A6808F022F840EA0900E6E750F854
:109020000C3088684A6808F019F840F0E06040F4B5
:109030000030DBE750F80C3088684A6808F00EF81A
:1090400040F08270D2E750F80C3088684A6808F027
:1090500005F840F08870C9E701A9FFF7F9FE237809
:1090600001332370A7E7C1F89830C1F8A00001339D
:109070007CE74FF0FF30C6E700ED00E0CC350300A1
:10908000271800200000F0FF0000081108B506496D
:10909000064821F00701C1F1005202F5802207F0D5
:1090A000D0FD002008BD00BFFF380020400C00208C
:1090B000044A0123C2F840354FF080420020C2F834
:1090C0007835704700E0014020B1034B800143F048
:1090D00001031847704700BFD031030010B50C469C
:1090E0000146084807F06CFF50B1022C08D150F837
:1090F000083C2BB11B691BB1BDE810400068184744
:1091000010BD00BF640C0020F8B590F90030002BB2
:1091100004460D46174602DB6FF01500F8BD0388C4
:1091200023F0E0039BB240F201629342F4D14688FF
:1091300001791248360A07F035FF0028ECD0212EBD
:1091400004D0222E0FD06FF08500E7E70368E18896
:109150005B685B6813F8092F914294BF29602A600D
:109160003B600020DAE7E38850F80C2C9A4294BF69
:109170002A602B6050F8103CF2E700BF640C00201E
:109180002DE9F04104460E4601791448174607F0D0
:1091900009FF0546D0B194F9002000686378002AE1
:1091A0000DDA012B16D155F8083C9BB11D688DB125
:1091B0003B4632462146AC46BDE8F0416047092BAC
:1091C00008D155F8083C2BB15D68F0E76FF012004C
:1091D000BDE8F0816FF08500FAE700BF640C002065
:1091E00010B50C4601460F4807F0D0FE50B1611E85
:1091F000052907D8DFE801F0070603070D0F012353
:1092000000F8043C10BD002300F8043C00F8033CC7
:10921000F8E70123FAE710F8033C002BF2D0002313
:10922000F4E700BF640C002010B50469C4E9001223
:10923000A36000236361064B2061596804F11402A6
:1092400011B9C3E9002210BD0A605A60FBE700BFF4
:10925000640C00207FB50D4D0D4E4FF0FF324FF0E6
:10926000FF3301A9284604F013FB0028F5D1094C6F
:10927000B442F2D2236813B1019A934203D1D4E9E4
:10928000013101A898470C34F2E700BF50020020DA
:10929000BC31030080310300F0B585B0DDE90C542A
:1092A00017461E46019023469DF828008DF80800B9
:1092B0002C432A468DF80910ADF80A70039608D0A1
:1092C00009F052FD074908580749884204BF0022A7
:1092D0001346064801A904F083FA00EAE07005B0DD
:1092E000F0BD00BF08000000E80700205002002089
:1092F000020600F07F0312D5082B05D1010700F00C
:109300000F0306D50E48704710F0780F12D100F009
:109310000F034C2000EB43100A4B18447047082BF6
:1093200005D1020700F00F0306D50748704710F07B
:10933000780FF6D000207047044800EB43107047C8
:10934000B80D00206C0C0020D80E0020D80D002095
:109350000149024808F097BF940C0020F004002057
:109360000146014808F0EABEC0020020024800227F
:10937000002304F0B7BB00BFC002002013B51248A1
:1093800000F0FCFE114B98421AD1114803F0FEFC8C
:109390000024104803F040FD0F49104800944FF09E
:1093A000FF334FF4806204F083FD0D490B4808F051
:1093B0009FFF0C480C4908F04AFF204602B010BD40
:1093C0006FF00400FAE700BFD19502000000AD0B7A
:1093D0008C3A0300F0350300481C0020F004002004
:1093E0007E3A0300940C0020ED96020010B50E4961
:1093F000BFF35B8F002351E8002F012A03D141E81E
:1094000000300028F7D1BFF35B8F0CD151F8044C2A
:109410001439204607F05AFD783004D12046BDE8C3
:10942000104007F02FBD10BD8C0C002038B5002473
:1094300064F07F00C0B2FFF75BFF013407F03CFE31
:10944000082CF5D10E4D0024E0B2FFF751FF03695F
:1094500003B90561013407F02FFE082C05F1400522
:10946000F2D1084807F028FE074BD3F87C2212B946
:10947000064AC3F87C22064807F01EFE002038BDCD
:10948000FC120020B80D00206C0C0020FC0E002007
:10949000D80E002010B5054CFFF768FF20B14168D9
:1094A000204608F06CFDF7E710BD00BF2002002049
:1094B00007B500230E48002201A904F063F990B11A
:1094C000FFF7E8FF0A480022002301A904F05AF937
:1094D00038B90198042340600374FFF741FFFFF798
:1094E00037FF002001E00198406003B05DF804FB05
:1094F00020020020022810B511D8094B1C5CFFF790
:10950000D7FF60B1002202740472FFF729FF054BF8
:1095100093F824301BB1BDE81040FFF719BF10BD10
:10952000893A03006C0C0020F8B587780646384667
:10953000FFF7DEFE3B06F578044612D5002D43D139
:10954000FFF7B6FF034600283ED00122A57702743C
:10955000032202739C60FFF703FFBDE8F840FFF7AA
:10956000F7BE4DB1012D2FD1FFF7A2FF034658B32F
:10957000657705740573EDE7FFF79AFF20B3B278BE
:10958000124B12F0800F02F0080111D041B1D3F854
:10959000A836E36001230374022303738460DAE7CF
:1095A00002F00F02142101FB0233D3F80836F0E772
:1095B00011B1D3F8A837ECE702F00F02142101FB38
:1095C0000233D3F80837E4E7F8BD00BF007002406B
:1095D000F0B5064689B01422002103A809F05DF811
:1095E0003378013B052B21D8DFE803F07A0314140C
:1095F0006A1603238DF814300024FFF759FF034641
:10960000A0B1047400F10802DDE9050182E803005D
:1096100018461DE00423EDE7B7783846FFF768FEEB
:10962000837A044623B1013B022B43D909B0F0BD34
:109630003B06F57813D5002DF8D1FFF739FF034627
:109640000028F3D00122A5770274032202739C60E4
:10965000FFF786FE09B0BDE8F040FFF779BE55B1CF
:10966000012DE3D1FFF724FF03460028DED0657704
:1096700005740573EBE7FFF71BFF07460028D5D0FD
:109680000123037402230373846004F10C01B07896
:1096900007F07CFD134AE168B2F88C328B4206D9A0
:1096A0005B1AA2F88C3201F0B7F83846D0E7A2F87E
:1096B0008C52FAE7304609B0BDE8F040FFF734BFFE
:1096C00001A801F087F89DF80530052B04D19DF81D
:1096D000043013F0600FA9D0034B059301248CE7ED
:1096E00002248AE76C0C0020D80D00202DE9F043FD
:1096F000A64CDFF89C9285B08046FFF737FE074600
:1097000010B905B0BDE8F08394F825303A7C3BB938
:10971000002A00F0868079689D4808F030FCECE76C
:10972000042A42D8DFE812F07D000500000116018E
:1097300040013B7BBD68032B37D8DFE803F0023DD7
:109740005A5F6E69934B002232607260D3F88014C6
:109750003170D3F884147170D3F88814D3F88C0462
:1097600041EA00217180D3F89014D3F8940441EABF
:109770000021B180D3F89814D3F89C3441EA032334
:10978000F3800823EB6030687168834B03C3114694
:109790002B68687A984796F90030002B08DBF3882D
:1097A00033B1A4F88C3201F037F879684846B4E751
:1097B0000023A4F88C32F8E76B7F002BF5D02B7FC9
:1097C000002BF2D000266E774FF0FF3273482E77D1
:1097D0004FF0FF3307F083FC6B6901936B68CDE9B1
:1097E000023601A9687A00F01FFD6C4807F079FC89
:1097F000DBE72B680121687A9847D6E7AB7A6BB92B
:10980000EB7F5BB965484FF0FF324FF0FF3307F055
:1098100066FC01F007F8614807F063FC2B68022141
:10982000E9E73A7A042AC0D8DFE802F0590323674F
:10983000730000F02BFC05460028B6D100F066FB53
:10984000BFF35B8F5649012351E8002F002A03D153
:1098500041E800300028F7D1BFF35B8FA5D141F874
:10986000085C41F8105CE0696361143907F0B3FAF1
:109870009BE7002565F07F00C0B2FFF739FD037A52
:1098800013B1407A01F032F90135082DF2D194F884
:1098900054311BB194F8550101F028F90025E8B2C4
:1098A000FFF726FD037A13B1407A01F01FF9013565
:1098B000082DF4D194F874321BB194F8750201F0BC
:1098C00015F9002000F0C6FB012384F82530236839
:1098D000002B3FF46AAF00210220984765E700257E
:1098E00084F8255001F068F8FFF780FD2368002B0D
:1098F0003FF45BAF29460420EFE7002B3FF455AF60
:1099000000F0CEFB2368002B3FF44FAF0021052071
:10991000E3E72268002A3FF448AF002B3FF445AF4D
:1099200000210620904740E708F110054FF0FF3373
:109930004FF0FF32284607F0D2FBFFF777FD2846AD
:1099400007F0CFFB58F8283C002B3FF42EAF002146
:109950000120C2E794F874327BB1012584F8895262
:1099600084F88852FFF7A4FD38B10E4A05740573D8
:109970008260FFF7F5FCFFF7EBFC58F8283C002B62
:109980003FF413AF00210A20A7E700BF6C0C0020B2
:109990002002002000700240700C0020A40C002067
:1099A0008C0C0020D80E002008F0E0F901F004F83B
:1099B00000F0A2FAFFF76EFDFFF738FD08F0CFF9CF
:1099C000014800F0DBFBF0E6D195020038B5164DFA
:1099D00095F824402CBB05F1380008F027FB204601
:1099E00001F0D8F922460121E8612720FFF74CF960
:1099F00008F0B5F9FFF71AFD044610B9012385F800
:109A000024300A4B1B680BB1FFF7A2FC4FF08043D8
:109A1000D3F83834DB0702D50020FFF76BFD204672
:109A200038BD0024FBE700BF6C0C0020C002002002
:109A3000074B93F824203AB193F82530002B14BF3C
:109A400000206FF0120070476FF01200704700BFE7
:109A50006C0C002038B5104B93F824300446C3B189
:109A600005782846FFF744FC10B96FF0150038BDA3
:109A7000457223798372638843602078618810F08F
:109A8000080F02D14B1E0B42EFD107F07AFB0020EA
:109A9000EDE76FF01200EAE76C0C002038B5124BCE
:109AA00093F824200546CAB193F82530B3B1FFF7E7
:109AB0001FFC0446A8B1837A012B12D007D9023BC0
:109AC000012B07D96369A3610020E06038BD00F075
:109AD000AFFEF7E7284600F051FEF3E76FF0120003
:109AE000F4E76FF01500F1E76C0C002038B50E4B71
:109AF00093F82420054682B193F825306BB1FFF727
:109B0000F7FB68B115F008040AD1284600F058FEAA
:109B1000284601F023F8204638BD6FF01200FBE71D
:109B20006FF01500F8E700BF6C0C002038B50C4B47
:109B300093F8242005460C4662B193F825304BB1CA
:109B4000FFF7D6FB48B144B1284600F01FFE207055
:109B5000002038BD6FF01200FBE76FF01500F8E74A
:109B60006C0C002070B5134E96F824300446C3B137
:109B7000FFF7BEFB0546B8B1230705D4204600F029
:109B80001FFE204600F0EAFF2B7A83B901232B72D7
:109B900096F825300BB9002070BD204600F0A6FFD6
:109BA000F9E76FF01200F7E76FF01500F4E76FF0D8
:109BB0007700F1E76C0C00202DE9F043DFF8EC8032
:109BC0001E4698F8243085B0074689461546002B76
:109BD00061D098F82530002B5DD003065ED5FFF7E5
:109BE00087FB0446002859D0037A002B56D04FF04B
:109BF000FF334FF0FF3208F1380007F070FAA37F0F
:109C00004BB108F1380007F06CFA6FF00A042046F7
:109C100005B0BDE8F083A37AC5B13BB30123A377B8
:109C20004FF0000801A93846CDE90195CDF80C8028
:109C300000F0FAFA1B4B984229D084F81E801EBB14
:109C40006FF00404184807F04CFAE0E7E27F02B135
:109C5000E577002BE2D100F0F1FD8742DED000F085
:109C6000E1FD114807F03DFA0024D0E7B8F80A30CA
:109C7000AB42F0D96268B5FBF2F302FB1353002B41
:109C8000E9D10123E377E6E7C6F80080D8E706B11B
:109C900035600024D6E76FF01204B8E76FF01504C2
:109CA000B5E700BF0000AD0BA40C00206C0C002039
:109CB0002DE9F0411D46204B174693F824200E460F
:109CC000002A33D093F8253083B3030631D401B989
:109CD0007FBBFFF70DFB044658B3037A4BB34FF03D
:109CE000FF3316484FF0FF3207F0F9F9E368BB4243
:109CF000984628BFB84646B93FB905B12B600F4812
:109D000007F0EFF90020BDE8F081A1694246304636
:109D100008F0B5FCA3694344A361E368A3EB08031F
:109D2000E360002DEBD0C5F80080E8E76FF012008B
:109D3000E9E76FF01500E6E76C0C0020A40C0020AA
:109D400070B51E4D95F82420034682B395F8252062
:109D50006AB31B062ED4FFF7CBFA044650B3037A3E
:109D600043B34FF0FF334FF0FF3205F1380007F0F7
:109D7000B6F9E368B3B9012663692677A361637F07
:109D800083B1FFF795FB30B905F1380007F0A9F969
:109D90006FF00B0070BD067484600673FFF7E0FA85
:109DA000FFF7D6FA064807F09CF90020F2E76FF0BB
:109DB0001200EFE76FF01500ECE700BF6C0C00201D
:109DC000A40C002010B5084B93F824300C462BB19E
:109DD000FFF78EFA28B10460002010BD6FF012006A
:109DE000FBE76FF01500F8E76C0C0020014B1860E2
:109DF000704700BF6C0C002008B5074B93F8243067
:109E000023B1FFF775FA20B1406808BD6FF012006A
:109E1000FBE76FF01500F8E76C0C00204FF0805363
:109E2000D3F83021082A06D1D3F83431052B04D8D1
:109E3000034AD05C7047002070470120704700BF84
:109E40008D3A0300064B10F0800FA3F1D80208BF33
:109E5000134600F00F00182202FB0030704700BFCD
:109E600014160020EFF31180202383F31288BFF330
:109E70006F8F0A4BD3F8001C032261B949F2753188
:109E8000C3F8001CC3F8142DC3F8001C80F311881C
:109E9000BFF36F8F7047C3F8142DF7E700E006405B
:109EA000EFF31180202383F31288BFF36F8F0A4BE7
:109EB000D3F8001C61B949F27532C3F8002CC3F81D
:109EC000141DC3F8002C80F31188BFF36F8F704707
:109ED0000022C3F8142DF6E700E006404FF080534F
:109EE000D3F83031082B02BF024B0022C3F81C2CE0
:109EF000704700BF00700240024A00231360024A0C
:109F000013707047F41600202C18002008B54A4B37
:109F10004FF40062C3F80024FFF780FF08B1FFF799
:109F2000A1FF4FF08053D3F83031082B18D1EFF355
:109F30001180202383F31288BFF36F8F3F4BD3F838
:109F4000001CC02200296ED149F27531C3F8001CF3
:109F5000C3F8142CC3F8001C80F31188BFF36F8F73
:109F6000354B0122C3F80025D3F800241205FBD598
:109F70004FF40062C3F800244FF08053D3F830311F
:109F8000082B17D1EFF31180202383F31288BFF33E
:109F90006F8F2A4BD3F8001C002947D149F2753244
:109FA000C3F8002CC3F8141CC3F8002C80F31188EC
:109FB000BFF36F8FFFF732FF30B1FFF771FFFFF78D
:109FC0002DFF08B1FFF74EFF4FF08053D3F830312B
:109FD000082B194B0AD140F2E372C3F80028402243
:109FE000C3F80428BFF36F8FBFF34F8F8022C3F8ED
:109FF0001C250122C3F83025114B40F2FF121A60D4
:10A00000104B00211960104B1970FFF767FF0F4BC1
:10A0100019700F4B02221A70FFF700FF50B1BDE814
:10A020000840FFF73DBFC3F8142C95E70022C3F8A2
:10A03000142CBBE708BD00BF0070024000E00640E2
:10A04000F0160020EC160020281800202A18002006
:10A050002C180020094B002210B51A70084A094B31
:10A06000094C002808BF1346C4F800332720FEF728
:10A07000DBFD0123C4F8043510BD00BF2B18002000
:10A08000FDFFDF01FDFFFF0100700240034B187868
:10A09000012894BF00200120704700BF2C18002029
:10A0A00010B54FF0FF324FF0FF33154803F080FD3D
:10A0B000EFF31181202383F31288BFF36F8F114BCD
:10A0C0001B7803F0FF0483B10F4BD3F8002412F484
:10A0D00000720AD10120C3F82C05D3F82C05D3F85F
:10A0E0000004800502D5C3F82C25002481F31188D3
:10A0F000BFF36F8F024803F027FD204610BD00BF5D
:10A10000A00200202B1800200070024010B5EFF3D1
:10A110001184202383F31288BFF36F8F144B1B78B5
:10A1200003F0FF00CBB1134AD2F82C35EBB100237A
:10A13000C2F82C354FF08053D3F83031082B0CD1B6
:10A140000D4BD3F8001CC02261B949F27531C3F838
:10A15000001CC3F8142CC3F8001C84F31188BFF34F
:10A160006F8F10BDC3F8142CF7E71846F5E700BF52
:10A170002B1800200070024000E00640F8B51C4B90
:10A180001C7894BB1B4A106001221A7040F2FF1722
:10A19000264664F07F0514F0080FEDB214BF39466F
:10A1A0004021284606F0EDFF2846FFF74BFE01341C
:10A1B000092C867506730661EBD1002440F2FF1767
:10A1C000254614F0080FE6B214BF39464021304648
:10A1D00006F0D7FF3046FFF735FE0134092C8575B0
:10A1E00005730561EDD10448F8BD0448FCE700BFE4
:10A1F0002C180020F41600200000AD0B0500AD0B5C
:10A20000084B10F0800F00F00F0114BFD3F8102599
:10A21000D3F8142501238B40134214BF01200020E2
:10A22000704700BF007002402DE9F8430246EFF38B
:10A230001187202383F31288BFF36F8F030703D1A5
:10A24000184B1B78834229D1174B184E1C68356870
:10A25000104606F08EFFE443A4B24FF001092C43F0
:10A2600009FA00F814EA08041AD11046FFF7EAFDCB
:10A2700080F80C90034607C91C6183E807009C75B1
:10A280000B4B0C4845EA080580223560C3F80421D1
:10A2900087F31188BFF36F8FBDE8F8830648F7E7AF
:10A2A0000648F5E72A180020F0160020EC160020DA
:10A2B00000E100E00000AD0B0A00AD0B0B00AD0BA0
:10A2C00010F0080F074B06D0D3F8C00410F4803FFD
:10A2D00018BF0020704700F00F0000F5947053F88D
:10A2E00020007047007002402DE9F74FAB4BAC4E99
:10A2F000D3F85421DAB10022C3F85421D3F804135F
:10A30000890214D58DF80420D3F82025ADF8062055
:10A31000D3F8C034002B336814BF4FF001224FF440
:10A320008072134333609F4B01A81B6898479B4B77
:10A33000D3F8604134B10022C3F86021D3F86C44F3
:10A34000C3F86C44D3F828214AB10022C3F828216D
:10A35000954B187806F00DFF012383401C43DFF86E
:10A360006482924F98F8005098F9009015F0080117
:10A3700043D1B9F1000F05F00F032EDA8C4A52F8E1
:10A38000230020B342F823101422534303F18043E7
:10A3900003F51C33D3F80836864A117803F001031D
:10A3A0004B401370FFF79AFD834803F0CDFB28461E
:10A3B000FFF748FD837D032B37D1284606F0D9FEF1
:10A3C000012303FA00F03B6823EA00033B60DFF857
:10A3D000D4A101254FF006095DE0784A52F8230028
:10A3E0000028F4D042F823101422534303F1804391
:10A3F00003F51C33D3F80837CEE7B9F1000F674BEC
:10A4000009DBD3F85021002AE1D00022C3F8502103
:10A41000D3F8A837C0E7D3F82C21002AD7D00022E0
:10A42000C3F82C21D3F8A836B6E7037BDBB928465E
:10A4300006F09FFE012303FA00F03B68B9F1000F1C
:10A4400023EA00033B6001DA882DC0D106238DF892
:10A45000043000238DF80730524B8DF806501B68EE
:10A4600001A89847B3E7002DB1D14C4B0122DA6423
:10A47000ADE794FAA4F03268B0FA80F005FA00F380
:10A480001A430F28326024EA03043A6840F39C80A0
:10A49000134200F0A980002CEBD1404BD3F80021EF
:10A4A0005AB1C3F80041464B1C703F4B1C7001234E
:10A4B00001933C4B01A81B689847384BD3F85821AF
:10A4C000002A2ED00022C3F85821D3F80044C3F844
:10A4D0000044E30508D53A4B01221A700223019388
:10A4E000304B01A81B689847A50508D5344B0022BE
:10A4F0001A70032301932B4B01A81B689847600532
:10A500000FD52F4B1A7862B100221A70234B01220B
:10A51000C3F808259A6504230193224B01A81B6800
:10A5200098471E4BD3F85C3103B3234B9B681BB990
:10A5300098F80030590619D0184B0022C3F85C2156
:10A54000D3F88034184A23F07F0313703B6823F05C
:10A5500001133B60336823F4803343F0010333601D
:10A56000052301930F4B01A81B6898473A6833688D
:10A570001A4200F0EB8010480022002303F018FB81
:10A58000002840F0E380054BD3F82C35002B7BD01E
:10A59000094803B0BDE8F04F03F0D6BA007002409E
:10A5A000F0160020F41600202A180020EC160020D7
:10A5B0000871024028180020A002002030710240DB
:10A5C0002B1800202918002013407FF464AF60F09E
:10A5D0007F018DF804908DF806108DF80730DAF8B9
:10A5E000003001A8984756E7A0F110018DF80490BB
:10A5F0008DF806108DF80750F1E749F080052846E0
:10A60000FFF720FC4368B0F814A001689A4528BF02
:10A610009A4601F06043B3F1005F044604D0544809
:10A62000524608F02CF8524922686368524422606E
:10A63000A268A3EB0A03D20768B2636053D5BAF1EC
:10A64000000F52D1002323734FE011464FF0000A50
:10A65000604545D1003B18BF0123002A42D0504538
:10A6600040D9012303FA09F32BEA03033B600623D5
:10A670008DF804303F4B8DF8065002221B68A275FE
:10A680008DF8072001A89847D7F800B033681BEA77
:10A6900003093FF47DAF19F0012314BF93FAA3F926
:10A6A00099FAA9F9B9FA89F9B9F10F0FA5D9A9F160
:10A6B0001005EDB22846FFF7C5FB04462846FFF714
:10A6C000FFFD6368B4F814C022689842BDD81B1A15
:10A6D00000EB020E11466360C4F800E08246B7E763
:10A6E0000023BAE768B2002BACD04FF08053D3F808
:10A6F0003031082B02BF204B8222C3F81C2C336858
:10A7000088F80050012202FA09F923EA09033360AC
:10A71000236915F0080F53442361174B19D1002802
:10A7200005F00F054FF0140000FB0530A9BF0A35F6
:10A7300003EB8503C0F80017C0F804A7AFBF43F8C8
:10A740002520C0F80016C0F804A65A6003B0BDE882
:10A75000F08F0028B5BFC3F8A016C3F8A017C3F840
:10A76000A4A6C3F8A4A7B4BF5A629A64EEE700BFD8
:10A77000FC140020F416002000700240024B40F44C
:10A780008070C3F81805704700700240030713D4A7
:10A7900000F00F0310F0800F084A0BBF03F5887319
:10A7A00003F5847302EB830252F8230008BF50685C
:10A7B000003818BF01207047002070470070024029
:10A7C000034BC3F80C0540F48070C3F80C057047C8
:10A7D000007002400023036043600E4BD3F88024D6
:10A7E0000270D3F884244270D3F88824D3F88C14F0
:10A7F00042EA01224280D3F89024D3F8941442EA2A
:10A8000001228280D3F89824D3F89C3442EA0323AF
:10A81000C380704700700240014B0122DA64704728
:10A8200000700240014B01221A657047007002401F
:10A83000014B01225A65704700700240014B1878A5
:10A84000704700BF2A18002010B50246EFF31184AC
:10A85000202383F31288BFF36F8F06F08AFC0B4925
:10A86000012303FA00F00B6823EA00030B6012F0E7
:10A87000080101BF02F00F02054B02F5947243F884
:10A88000221084F31188BFF36F8F10BDF0160020E3
:10A8900000700240F7B50146EFF31185202383F3E2
:10A8A0001288BFF36F8FFFF7CDFA0646084606F011
:10A8B00060FC012211F0800F02FA00F22D4818D13D
:10A8C000036832EA03040AD00846FFF7BDFF0323FA
:10A8D000B37585F31188BFF36F8F03B0F0BD2649C0
:10A8E000347323EA020303600B6823EA02030B605C
:10A8F000EDE70B0715D48029204B2FD001F00F0472
:10A9000004F2DA346400C3F80048D3F80448D3F8FA
:10A910000478E4B244F002043C43C3F80448D3F89A
:10A920000438154F04683B6864EA030C1CEA020F04
:10A93000CFD013433B60002333730323B3758DF8EB
:10A9400007300F4B8DF8061024EA0204062204603B
:10A950001B688DF8042001A89847BAE740F2B47448
:10A96000C3F80048D3F80448D3F80478E4B244F0BC
:10A970000404D1E7EC160020F0160020007002401D
:10A98000F416002038B50446094D4FF0FF324FF061
:10A99000FF33284603F00CF92046FFF77BFF2846DB
:10A9A00003F0D2F8034B8022C3F8042138BD00BF66
:10A9B000A002002000E100E0F8B54FF0FF324FF0B8
:10A9C000FF332B4803F0F4F82A4B8022C3F884218C
:10A9D0002720FEF74BF998B1274E284B34681B68A7
:10A9E000240C24041C43012764BB254D40F2FF13B3
:10A9F00033602720C5F80445FEF724F9C5F8004365
:10AA0000204A13788BB11E4B0021C3F80811012195
:10AA1000C3F80026C3F804165960D3F808110029BA
:10AA2000FBD00021C3F808111170154B0022C3F8A8
:10AA30000025FFF753FA0E4803F086F8124B012267
:10AA40001A70F8BD94FAA4F5B5FA85F50F2D2846CD
:10AA5000C6BFA5F11000C0B240F08000030701D4CA
:10AA6000FFF718FF07FA05F524EA0504BCE700BF65
:10AA7000A002002000E100E0F0160020EC1600200B
:10AA800000700240281800202C18002010B5044641
:10AA90004FF0FF324FF0FF33114803F089F82046A2
:10AAA000FFF7F8FE04F00F02012393400D4A14F063
:10AAB000800F14BFD2F81015D2F814156FEA0303F3
:10AAC00015BF0B400B40C2F81035C2F814350448CE
:10AAD00003F03AF8044B8022C3F8042110BD00BFF4
:10AAE000A00200200070024000E100E070B50446C2
:10AAF000FFF786FB68B904F00F02012514F0800F00
:10AB0000144B05FA02F205D0D3F810150A43C3F826
:10AB1000102570BDD3F814150A43C3F81425631E1D
:10AB2000062BF6D8EFF31186202383F31288BFF3A8
:10AB30006F8F2046FFF788FE204606F01AFB064A74
:10AB40001368854023EA0503136086F31188BFF379
:10AB50006F8FDEE700700240EC160020030610B590
:10AB6000044605D4FFF712FE10B12046FFF76CFE35
:10AB7000014BC3F8184510BD00700240084B70B57A
:10AB8000C31A0D4607499B10044659430648402204
:10AB900006F01BFB2B4601462046BDE870401847D7
:10ABA0000C170020B76DDBB65C2E030073B50C4CA0
:10ABB0000C4A4023041B00930D460B460A49A4107F
:10ABC00061430646094806F02CFB011E05DA3046B3
:10ABD0002B4602B0BDE87040184702B070BD00BF00
:10ABE0000C1700208D120300B76DDBB65C2E03003E
:10ABF00010B5EFF31184202383F31288BFF36F8F16
:10AC0000074A136823F00201DB07116002D4012018
:10AC100007F003F884F31188BFF36F8F10BD00BFF6
:10AC20005C170020002270B5012104461046FEF793
:10AC30002BF80F4801F00AFC0E4B984215D101F099
:10AC400015FC26690C49304606F0B2F800280BDBEB
:10AC5000012535642469084904F11C0006F0A8F8B0
:10AC6000002801DBE564002070BD6FF00400FBE705
:10AC700079AD02000000AD0BF43503001FB50022D2
:10AC80000123CDE90223094ACDF800D06B46CDF867
:10AC900004D006F0F4FA002805DB4FF480420023CC
:10ACA000684602F085FF05B05DF804FBAD120300B5
:10ACB00030B4104B0C2202FB003301460020D3E9D4
:10ACC0000E529863EFF31180202484F31288BFF3AF
:10ACD0006F8F1C6C04F0C00444F002041C6480F309
:10ACE0001188BFF36F8F1DB12B46034830BC184746
:10ACF00030BC70470C1700205C2E030010B4EFF33B
:10AD00001182202383F31288BFF36F8F18480168E4
:10AD100041F002040460C80708D482F31188BFF32D
:10AD20006F8F01205DF8044B01F0B8BB4FF08041FC
:10AD3000D1F80C04D1F80C14C907EED5EFF311804B
:10AD400083F31288BFF36F8F0A490B6C03F0C003C3
:10AD500043F002030B6480F31188BFF36F8F82F31B
:10AD60001188BFF36F8F00205DF8044BFFF7A0BF81
:10AD70005C1700200C17002010B1012804D0704788
:10AD8000034B1B6C5B0701D1FFF792BF704700BFFD
:10AD90000C170020024AC3B21C2003FB002070479E
:10ADA0000C1700202DE9F0413849BFF35B8F0746AF
:10ADB000012251E8003F41E800200028F9D1BFF30B
:10ADC0005B8F33B9324933484B60CB608A6006F001
:10ADD00002F87B1E012B2BD8012F07D14FF08043A7
:10ADE000D3F81C3403F00303012B21D007F07AFAC7
:10ADF0000546F8B9284B1B78E3B14FF08043022297
:10AE0000C3F808230646DFF894804FF08044D4F856
:10AE10001824D4F81834D20315D503F00303012BFA
:10AE200001D0012F0FD155B386F31188BFF36F8F77
:10AE3000BDE8F081EFF31186202383F31288BFF37E
:10AE40006F8F0125DFE7ADB1304606F0F8F8D4F892
:10AE50001835002BDBD1D4F80421002AD7D0C4F850
:10AE60000431D4F804310123C4F81835C8F880310E
:10AE7000A360CCE70021212007F0D4FAE7E74FF0E8
:10AE800080430222C3F80423D2E700BF0817002042
:10AE9000F8160020281700203F18002000E100E0ED
:10AEA000F0B54068057B01F01F0444EA45140569CC
:10AEB00087B0002D64D0B2F5001F00F1100506D157
:10AEC0002146284606F03AFF002007B0F0BD01AE4B
:10AED0000027B2F5800F0197776039D1B3F1007F79
:10AEE00014BF052304238DF804300023CDE9046347
:10AEF0000393836823FA01F111F001011AD1B2F131
:10AF0000A07F17D104F01F03620903F5E0732AD074
:10AF1000012A3BD11F4A52F82330DB070AD40DF136
:10AF2000030632462146284601F096FD1A4B984208
:10AF30001CD0029603AA2146284601F04FFC174B6D
:10AF4000984220D101222146284601F0E9FDBBE7C5
:10AF5000B3F1C06F05D0B3F1007F14BF012302230A
:10AF6000C1E70323BFE74FF0A042D4E731462846AC
:10AF700001F0D0FD094B9842DBD06FF00B00A4E745
:10AF80006FF08500A1E76FF015009EE751F82330C0
:10AF9000FFDE00BF000300500400AD0B0000AD0B4E
:10AFA00038B545682B69B3B11035284601F0A2FDCC
:10AFB000044680B90146284601F068FD084B9842D6
:10AFC0000BD108492246284601F040FD22460521C2
:10AFD0000620FDF759FE002038BD6FF00400FBE7A6
:10AFE0000000AD0BE9AF0200420970B5034602D084
:10AFF000012A17D070BD0D4E326951680029F9D071
:10B0000003F01F0301250C689D400029F2D08A68D7
:10B010002A4002D04B68304698472CB1236821461D
:10B020001C46F2E7024EE7E72346F8E7842E0300CA
:10B03000702E03002DE9F043466840F20635D00635
:10B04000337B87B002EA050554BFC2F340100320EA
:10B0500001F01F07B5F5837F144647EA43178DF8C3
:10B06000030045D00FD8062D18D007D8B5B1022D52
:10B0700040D06FF0150007B0BDE8F083B5F5807FD4
:10B08000F7D101250AE040F20222954234D0B5F50D
:10B09000407F33D0B5F5007FEBD102250123220399
:10B0A00003FA01F12CD57368C3F80815326982BB25
:10B0B00007F01F037F0929D0012F77D13E4A02EB09
:10B0C000830284F48033D2F80017C3F30043C4F33F
:10B0D000404444EA430421F4E16144EA800421F05D
:10B0E000070144EA05230B43C2F800370020C2E7FA
:10B0F0000725D3E70425D1E70525CFE70325CDE7CD
:10B10000630344BF7368C3F80C15CFE74FF0A04248
:10B11000D5E710360DF102023946304601F09CFCAD
:10B1200014F4403F80460CD13946304606F004FE08
:10B13000224B9845DAD19DF80210304601F0E4FC2C
:10B14000D4E701AB4FF0000903AA39463046CDE9F8
:10B150000439CDE90199CDF80C9001F03FFB174B74
:10B16000984286D114F4003315D09DF803308DF841
:10B170000E3084F48034C4F300444B4603AA3946AD
:10B1800030468DF80C508DF80D4001F0E1FB0B4B73
:10B190009842CDD06DE7CDE9043303AA0DF1030346
:10B1A00039463046039301F019FBF0E703F5E073ED
:10B1B00052F82330FFDE00BF000300500000AD0B4B
:10B1C0000B680068C01A024B80105843704700BFDC
:10B1D000CDCCCCCCD0E90001014B0C2207F0A9BAB0
:10B1E000C1B102002DE9F74F0569044628464FF02A
:10B1F0000C0A40F8044BFFF7EDFF05F1100027495A
:10B2000007F051F8D4F81080D4F804900025D8F84D
:10B210000830AB4203D8002003B0BDE8F08FD8F867
:10B22000047099F8102001920AFB05F607EB060B53
:10B23000B85906F057FE0028EDD0019ABBF806C0B9
:10B2400042B31CF0010F0CBF2022102242F48032C6
:10B25000B8599BF804104CEA020206F0ABF800283B
:10B26000D9D121692A01096C8C509BF80430012244
:10B2700002FA03FC0A4B01EB0510C0E9023C011D78
:10B28000B8598368DB69002BC5D098470028C2D124
:10B290000135BCE74FF48032DAE700BFCD1503007B
:10B2A000F91303002DE9F047DFF8649006460C46D9
:10B2B00000250C2701F40008B368AB4202D8002037
:10B2C000BDE8F087726807FB05F3D118D0580979FB
:10B2D00083680269D3F818A0BAF1000F14D0B8F14E
:10B2E000000F0FD0126801238B4013420AD084F064
:10B2F000C06202EA090302F0B072D0470028DFD131
:10B300000135D9E72246F4E76FF05700D8E700BFD0
:10B31000400000062DE9F04FDFF81491DFF814A18A
:10B320008846002740F2FF1EFBB2984502D8002055
:10B33000BDE8F08F50F82710C1F3C72313F00803BE
:10B34000C1F3C324C1F3080560D1384E7545345D9F
:10B350004FEA116639D0052E26D0062E3FD1C2F80D
:10B3600010551E4650F827C00CF4004BBBF1000FDF
:10B370001CBF002601236D0901F01F0143D0012DE0
:10B380004ED1554605EB8101CCF3412C2402D1F876
:10B39000005744EA8C04344305EA090544EA4303B0
:10B3A0002B43C1F8003718E0C2F80C5501236E0991
:10B3B00026D0012E30D1DFF87CB001F01F0C012621
:10B3C00006FA0CFCCBF80CC5CCE7052E13D0062EE4
:10B3D0000AD14FF0FF33C2F810350137A4E7042E2D
:10B3E00017D1C2F80855E2E7042E12D14FF0FF330F
:10B3F000C2F80835F1E74FF0FF33C2F80C35ECE73F
:10B400004FF0A04BD9E74FF0A045BBE76FF0150018
:10B410008EE76FF085008BE70023C3F80C35FFDE65
:10B4200001F5E071002353F82130F8E7C43A030036
:10B43000F0F8FCFF000300502DE9FF410569D0F84A
:10B4400004802B6D0646A86C002835D1002B53D004
:10B45000B8F830406A6CEF6C9C4228BF1C46EB6C1D
:10B4600053B1296D41B107F06041B1F1005F03D0E4
:10B47000082C6F6E28BF082400926A6CAC651AB164
:10B48000AA6C002A18BF2246CDE901271BB12B6DFB
:10B49000002B18BF2346002269464046039301F063
:10B4A00023FF184B984229D06FF00401304604B0B6
:10B4B000BDE8F04106F088B9696CEF6CB8F830402F
:10B4C0000A46ABB1834228BF03469C4228BF1C46B4
:10B4D0000029C4D001F06043B3F1005FBFD0082C55
:10B4E00028BF08242246286E07F0C9F82A6EB6E75E
:10B4F000844228BF0446EBE71946D7E704B0BDE80D
:10B50000F08100BF0000AD0B2DE9F04F8DB0046954
:10B510000193436802938B880646980488469146B7
:10B520002DD44FF0FF324FF0FF3304F1100002F042
:10B530003FFBC4F80480D6F804B0D6F810A0DBF8BE
:10B54000083003939AF85D3023B1DAF8003098455B
:10B5500000F0B380B8F804E01EF4006F16D06FF06E
:10B56000850523689B8813F4005304D1636004F1BC
:10B57000100002F0E9FA28460DB0BDE8F08FA3698B
:10B58000002BCED163689942CBD1D4E71EF0090FCE
:10B5900002D06FF01505E4E7CEF34513082BF8D180
:10B5A000D8F80050974B9D42F3D90BF10C0CBCE836
:10B5B0000F0004AF0FC79CE80F0087E80F00039B44
:10B5C000AB4228BF2B461D468F4B9D4217D28F4B57
:10B5D0009D4214D28E4B9D4211D28E4B9D424CD82F
:10B5E0008D4B9D424BD88D4B9D424AD88C4B9D42F2
:10B5F00049D88C498C4B8D4A8D4288BF13461EF02A
:10B60000020F09930EF004033FD0002B14BF032355
:10B6100002238DF82830CEF300138DF82930DBF8A3
:10B620000030D3F80835591C12D01EF0020F03F079
:10B630001F00CEF340014FEA53134FF001022BD10C
:10B640003BB3934240F0D680794B8240C3F80C253F
:10B650009AF85D302BB1584601F00CFE00238AF8B1
:10B660005D303346734A04A9584601F0CFFD724B52
:10B6700098421DD06FF0040573E7704BBFE7704B25
:10B68000BDE7704BBBE7704BB9E7003B18BF012328
:10B69000BFE74FF0A043D8E73BB1012B40F0AD80AE
:10B6A000634B8240C3F80825D2E74FF0A043F8E788
:10B6B00001238AF85D30CAF80080012384F85C30E9
:10B6C000029B996B4A1C03D003F13C0006F0E6F89C
:10B6D000B9F1000F68D1C4F834900023A36304F1DA
:10B6E000480204F1380104F1340005F098FF019B91
:10B6F0006064002B60D1E3630023236404F15002F3
:10B7000004F1400104F13C0005F089FF00252A46C0
:10B71000E06401212046256305F0B8FF3046FFF7BD
:10B720008BFEA06B2A462B4683424DD10023256C0D
:10B730001946A9424FD19A42274638BF1A464FF4BC
:10B74000FA5303FB02F557F8203B4FF000081B6843
:10B75000B5FBF3F54FF4004CC835414640F2E730F5
:10B760004FF47A720023E5FB0C01FAF719FD02464B
:10B770000B46384602F01CFA024618B9256B15F143
:10B78000740F2FD10298C4F8588001F073FD84F82B
:10B790005D806FF07301304606F016F8384602F00F
:10B7A0002DFA6FF07305DCE6D9F800306363002BE7
:10B7B00093D0D9F8043091E7019B1B68E363002B19
:10B7C0009AD0019B5B6898E7616B01EBC301013381
:10B7D00049680A44A8E7E06B00EBC100013140680A
:10B7E0000344A6E7002D3FF4BCAE0146306905F0E6
:10B7F0004DFFB6E6C1F80C15FFDE0023C3F808358F
:10B80000FAE700BF47E801000048E8010024F4001F
:10B8100000127A00FF083D007F841E003F420F00A7
:10B820001FA107008FD0030048E8010090D003005B
:10B8300000030050EB1703000000AD0B00093D00B2
:10B8400080841E0040420F0020A1070000F01F026C
:10B8500040090DD001280ED10A4B03EB82030A4A9E
:10B86000D3F80007024042EA8102C3F8002770477C
:10B870004FF0A043F1E702F5E072002353F82230C5
:10B88000FFDE00BF00030050F0F8FCFFF0B587B00A
:10B8900001238DF8023002238DF804306B440393AA
:10B8A0000F4601AB0DF103010024049305460291FC
:10B8B000059401F02FF90C4B984206460FD103AACC
:10B8C0003946284600F08AFFB0420BD09DF803109D
:10B8D000284601F019F96FF0040007B0F0BD6FF0D1
:10B8E0001200FAE72046F8E70000AD0B70B501231F
:10B8F00083400E4ABFF35B8FDC4352E8001F01EA2E
:10B90000040542E80056002EF7D1BFF35B8F4FF4D9
:10B91000803282400648C0F80823BFF35F8FBFF330
:10B920006F8F0B4214BF0120002070BD8C170020C8
:10B930000010014070B40E49D1E90034D01AC31888
:10B9400044F1000422F07F46C1E90034A6F500135B
:10B95000B3F5400F09D2074B1B681A0A1B069C1946
:10B96000054B42F10005C3E9004570BC03F03AB84D
:10B97000E005002090170020E805002011B3BFF378
:10B980005B8F0123104A834052E800CF4CEA030C3E
:10B9900042E800C10029F7D1BFF35B8F0B4A4FF497
:10B9A00080338340C2F80433094BBFF35B8F1B68BD
:10B9B000BFF35B8FC340DB0742BF064B4FF400323F
:10B9C000C3F80021704700BF8C1700200010014011
:10B9D0008817002000E100E00D4B1868010A0006FE
:10B9E000BFF35F8F0B4BD3F80435181841F10001FA
:10B9F000B3F5801F0AD2084BD3E90023904271EBC4
:10BA0000030303D210F1807041F10001704700BFC1
:10BA10009017002000100140E80500202DE9F04FAC
:10BA200085B016461F469DF840A00446FFF75EFF0E
:10BA30000190FFF7D1FFB04271EB070354D23E4BA8
:10BA4000301A67EB0101984271F100014FD23B4B74
:10BA500003EB0413D3E902239F4208BF96425ED052
:10BA600037494FF4803804F1500508FA04F8AD0066
:10BA7000C1F848832046ADB205F038FF26F07F4B71
:10BA800005F1804504F5A87305F58835DC464FF0CF
:10BA900003090293029A2CF07F4341F82230C1F847
:10BAA0004483D1F80435274A6FF00200C01A60447D
:10BAB00020F07F40904232D9286868B1D1F804352F
:10BAC0000393A3EB0B0020F07F40B0F5000F26D9C5
:10BAD000204605F00BFF039BBAF1000F07D109EBDD
:10BAE000030C09F10109D5E7BAF1000F09D06FF095
:10BAF000150520460199FFF741FF284605B0BDE82E
:10BB0000F08F0123104ABFF35B8FA34052E8000F70
:10BB1000184342E800010029F8D1BFF35B8F0749C1
:10BB20000E98230101EB0412C8500F9B5360C2E929
:10BB300002670025DDE700BF01008000D00500207E
:10BB400000100140FDFF7F00881700207FB51C4CCE
:10BB50001C4BC4F80833C4F848331B4B00254FF086
:10BB6000FF304FF0FF31C4F80855C3E902014FF42C
:10BB70008033C4F80433154B02264FF40032012100
:10BB8000C4F804631120C3F880212A46FDF77CF82D
:10BB90001120FDF749F80E4A0123A36023601360CA
:10BBA0000C4B0D4A0093CDE9015500232846FFF7C1
:10BBB00035FF3046FFF7F6F8284604B070BD00BFE9
:10BBC0000010014003000F00D005002000E100E05C
:10BBD0008C17002035B90200FFFF7F002DE9F743E5
:10BBE0002F4CD4F8043399070BD5D4F8043143B162
:10BBF0002C4A0023C4F80431D4F80431136801330B
:10BC00001360D4F80433DA0329D5BFF35B8F264BD6
:10BC100053E8002F22F0010143E800100028F7D17B
:10BC2000BFF35B8FD30702D4D4F84031BBB10025FA
:10BC3000C4F84051D4F84031FFF7CEFEEFF3118243
:10BC4000202383F31288BFF36F8F184BD3E9026769
:10BC5000B042B94106D282F31188BFF36F8F03B0AF
:10BC6000BDE8F0834FF0FF384FF0FF39C3E9028998
:10BC7000D3E900101D604FF48033C4F84833C4F892
:10BC80004051D4F8403182F31188BFF36F8F0029FF
:10BC9000E5D0009032463B4628468847DFE700BFA4
:10BCA000001001409017002088170020D0050020C8
:10BCB00030B5431C124C85B005D08442A8BF044661
:10BCC000012CB8BF0124FFF787FE0E4B0C4DD3E9C2
:10BCD0000013401AB0F5000F10D22218AA4228BF54
:10BCE0002A4652184FF0000007490091CDE90100A3
:10BCF00043F10003FFF792FE05B030BD2A46F0E79E
:10BD0000FFFF7F00E005002035B9020008B5FFF70E
:10BD100063FE024B1B68C01A08BD00BFE00500208F
:10BD200010B5084C012363601120FCF78BFF064B14
:10BD3000C4F80833C4F84833044B4FF40032C3F856
:10BD4000802110BD0010014003000F0000E100E061
:10BD500070B5184B026B50F8385C53F8223004462B
:10BD6000284698470146A06318BB236B0133042B78
:10BD7000236307D1012184F834106868BDE870405E
:10BD800005F0E3BD0C4A52F823504FF4004625EA73
:10BD9000E57540F2E7304FF47A720023C5FB0601E7
:10BDA000FAF7FEF902460B462046BDE8704002F065
:10BDB000E7B870BD18370300283703001D2910B4F9
:10BDC00011D01F2913D01B2915D120234FF4FF5464
:10BDD000A24215D89A4213D3B2FBF3F25DF8044B9A
:10BDE000D2B205F021BE084C4FF42073F0E7074CA7
:10BDF0004FF44853ECE76FF085005DF8044B704753
:10BE00006FF01500F9E700BF807D020000CE310021
:10BE100008B5FAF7DDFF30B101780448B1FA81F1D5
:10BE2000490905F030FE002008BD00BF742F030053
:10BE30002DE9F04350F8286C3569776895F86C3037
:10BE400087B0002B00F0AD80072304AA12213846EA
:10BE500005F05CFD8146002840F0A3809DF813208A
:10BE60009DF811809DF81240130103F4706398440B
:10BE70009DF8153004EB02241B029DF8162003F4F4
:10BE8000807313442A7E48F30B0844F30B04002A02
:10BE900042D02C2B06D802463221304605F0C4FD94
:10BEA00085F81890D5E9023218EB030342EBE87CE1
:10BEB000D5E90421DFF80CE1A21841EBE4714FF061
:10BEC000FF3473457CEB0400C5E9023CC5E904215D
:10BED0002CDA724571EB04046ADB47F6FF74A24268
:10BEE00071F10001B8BF14B2354B00200021C5E943
:10BEF0000201C5E9040197F8255097F82620CDE9FD
:10BF00000201B4FA84F04009009029463046FDF75A
:10BF1000C3F9002C45D028E02D2BC3D98022322133
:10BF2000304605F081FD01232B76BBE747F6FF7015
:10BF300083427CF1000C0ADB724571EB040439DBAF
:10BF4000824271F1000137DA14B20346CDE772453F
:10BF500071EB04041BB219DA194C002BC5D1002275
:10BF60000023C5E90223C5E904234FF000084FF080
:10BF70000009012397F8251097F827200093CDE9B1
:10BF8000028923463046FDF787F90AE0824271F1C3
:10BF9000000101DB0446E0E714B2002BA5D1002C20
:10BFA000DDD17068012107B0BDE8F04305F0CDBCDC
:10BFB000034C99E7024CC8E70446034695E700BFE7
:10BFC0000080FFFF0180FFFF2DE9F341A1F1C805CB
:10BFD00040F6B834A54206469DF820003CD8C82457
:10BFE000B1FBF4F149B20AB161F07F010BB141F04C
:10BFF000400108B141F02001194B8DF805101A8855
:10C000009B78ADF800208DF802307068FF23002483
:10C01000BA2241218DF804308DF8064005F0EAFC83
:10C020000A20002106F0FEF96F460DF1040818F809
:10C03000012B17F8011B706805F0DCFC054610B9F0
:10C040000134032CF3D17068B522412105F0D2FCF4
:10C05000284602B0BDE8F0816FF01505F8E700BF93
:10C06000D93A0300F8B5466805690446306805F01A
:10C0700039FF18B96FF012042046F8BDF0680028A7
:10C080005FD100220023C5E90223C5E90423002370
:10C0900005F128002F492C602B7606F0D8F8666849
:10C0A0002769B06905F01EFF0028E3D0F38BB06963
:10C0B000317F43F48032D0F810C0D0F808E013F09C
:10C0C000010F4FF00104DCF8003004FA01F414BF52
:10C0D0002343A343CCF80030DEF8003098470446F1
:10C0E0000028C9D1337F1C48012202FA03F3C7E9B3
:10C0F0000803B0698368DB6907F11C0133B3984713
:10C1000004460028B8D105F138063046134906F038
:10C11000CAF8AA6E124B53F822504FF4004725EA92
:10C12000E575214640F2E7304FF47A720023C5FBF3
:10C130000701FAF735F802460B46304601F020FFBA
:10C140009AE705F0CFFE00289BD193E76FF05704E4
:10C1500092E700BF31BE02008F19030051BD0200FB
:10C16000283703004FF08053D3F83021082A06D136
:10C17000D3F83431052B02D8024AD05C7047002036
:10C18000704700BFEF3A030008B54FF08053D3F873
:10C190003021082A4ED14FF080420021C2F80C1104
:10C1A000C2F81011C2F8381502F54042D3F8041451
:10C1B000C2F82015D3F80814C2F82415D3F80C14CB
:10C1C000C2F82815D3F81014C2F82C15D3F814149B
:10C1D000C2F83015D3F81814C2F83415D3F81C146B
:10C1E000C2F84015D3F82014C2F84415D3F824142B
:10C1F000C2F84815D3F82814C2F84C15D3F82C14FB
:10C20000C2F85015D3F83014C2F85415D3F83414CA
:10C21000C2F86015D3F83814C2F86415D3F83C148A
:10C22000C2F86815D3F84014C2F86C15D3F844343A
:10C23000C2F87035FFF796FF18B12B4B2B4AC3F8A5
:10C240008C26FFF78FFF18B1294BFB22C3F8182566
:10C25000FFF788FF70B14FF080414FF08053D1F865
:10C26000E42ED3F8583222F00F0203F00F031343E9
:10C27000C1F8E43EFFF776FF20B11E4B4FF4007289
:10C28000C3F840264FF08053D3F83031082B09D142
:10C290004FF08043D3F80024D20744BF6FF001026F
:10C2A000C3F80024144AD2F8883043F47003C2F86B
:10C2B0008830BFF34F8FBFF36F8F4FF08053D3F8A9
:10C2C0003021082A0ED1D3F83431052B02D80B4A7D
:10C2D000D35C3BB14FF01023D3F808224FF08043DA
:10C2E000C3F8582508BD00BF005000404881030036
:10C2F00000F000400090024000ED00E0E93A030049
:10C3000030B50468CCB1BFF35B8FB4FA84F3C3F1EA
:10C310001F03DBB201229A4024EA020250E8005FC8
:10C32000A54204D140E8002CBCF1000FF6D1BFF3C8
:10C330005B8FE6D102480B7030BD0248FCE700BFBE
:10C340000000AD0B0200AD0B10B50368CB40DB075E
:10C3500014D401238B400268BFF35B8F43EA0201D0
:10C3600050E8004F944204D140E8001CBCF1000F9B
:10C37000F6D1BFF35B8FEED1014810BD0148FCE759
:10C380000000AD0B0400AD0BF7B50546F8B1012870
:10C390001BD104224FF4807301464FF080400344C8
:10C3A0000244C0F808130026012111601E608D426E
:10C3B0001B688DF8071008BF0DF1070642F21074D4
:10C3C0004FF0804745B1012D28D003B0F0BD0C22BD
:10C3D0004FF482730221E0E7D7F8183403F4803376
:10C3E0003EB9002BF1D0012005F015FC013CF3D142
:10C3F000EBE7D7F8182402F003023260002BE4D0F8
:10C400009DF80700012803D105F005FC013CD9D1B6
:10C41000012DDAD10C4B00225A71D6E7D7F80C3433
:10C4200003F480333EB9002BF4D0012005F0F3FB78
:10C43000013CF3D1EEE7D7F80C2402F00102327090
:10C44000002BDDD1E6E700BF94170020044B1A79DA
:10C4500022B9012218609A8002487047024870474A
:10C46000941700200000AD0B0C00AD0B08B5094B74
:10C470001B682BB10020FCF7F9FB08B9FCF7D4FBD3
:10C480004FF080430022C3F81825034B01221A7095
:10C4900008BD00BF941700203D18002010B510B152
:10C4A000012843D010BD4FF08043D3F81814D3F8BF
:10C4B0001824C80321D502F00303012B04D013B1C3
:10C4C0000020FFF761FF00234FF080420220C2F8F6
:10C4D000183508224FF4827303F18043002119605C
:10C4E00002F180421C6801241460154A12680AB3E4
:10C4F0004FF08043C3F80403D4E7D3F81424D107E2
:10C50000E1D5D3F81C249207DAD40D4A12681AB187
:10C510000222C3F80423C5E7D3F80421002AFBD084
:10C520000022C3F80421D3F80431BBE700224FF402
:10C530008073D1E71A68002AFCD019601B68B1E744
:10C540009417002010B54FF08043D3F800216AB152
:10C550000022C3F80021D3F800210122C3F80823E8
:10C56000114B587910B95A711B6898474FF08043A6
:10C57000D3F8042172B10022C3F80421D3F80421B6
:10C58000D3F81824D3F81824920704D10122C3F851
:10C5900018259A6010BD0222C3F80823024BBDE89B
:10C5A00010401B680120184794170020036803F00F
:10C5B0001F025B09026004D0012B034818BF002052
:10C5C00070474FF0A040704700030050034A4309F2
:10C5D00000F01F00D35C1844C0B27047F53A030066
:10C5E00070B50546FFF7F2FF0C4C08300E4634F8E4
:10C5F0001030DA0508D5C3F3432304EBC302284601
:10C6000054F8333052689847A3682BB1E26831463A
:10C610002846BDE87040184770BD00BF08010020E3
:10C6200008B5FFF7D3FF034B083033F81000400B79
:10C6300008BD00BF0801002008B5FFF7C7FF034B86
:10C64000083033F81000C0F3400008BD0801002096
:10C6500008B5FFF7BBFF034B083033F81000C0F3F9
:10C66000401008BD08010020034611F0010010B57C
:10C67000CCB20DD1A207C4F3400012D5094AD2F8BA
:10C6800020055860C2F82005003818BF012008E0D6
:10C690004FF0A041D1F820251A60C1F82025002ACA
:10C6A000E8D010BD0003005010B5FFF78FFF124A0D
:10C6B000083032F81030D9051CD5C3F3432123F4D8
:10C6C000F85322F8103002F10E04002034F8023F33
:10C6D00013F4807F03D0C3F3432399420AD001307F
:10C6E0003028F3D1002342F831300448BDE810402F
:10C6F000FFF72ABE10BD00BF080100208001002006
:10C70000F0B5054600200446012607468C420BD1B1
:10C71000114BD3F87C2132B10022C3F87C21D3F82D
:10C720007C3140F00040F0BDE3B29B0003F5807225
:10C730009B0806FA03F31D420BD002F1804202F57A
:10C74000C042D2F800C0BCF1000F02D017601268DE
:10C7500018430134DAE700BF00600040F7B5064631
:10C760000846FFF733FF194F00F108050C4637F86C
:10C770001530DB0727D5304605F0BAFA2046FFF71B
:10C7800067FF40B12046FFF74BFF316800F5A2700C
:10C79000002341F820302046FFF786FF002301A840
:10C7A00027F815300194FFF701FF019B00EB830090
:10C7B000074BD0F80027134043F00203C0F80037BE
:10C7C000044803B0F0BD0448FBE700BF08010020A7
:10C7D000F0F8FCFF0000AD0B0400AD0B2DE9FF41AC
:10C7E000164680460846FFF7F1FE0D4631680446BE
:10C7F00009B32846FFF720FF18B12846FFF728FFA6
:10C8000010BB0023CDE900338DF80E308DF80F30CA
:10C810000DF10F020B4628460DF10E0105F0FFF950
:10C82000474A04F1080132F8113023F0020343F0C3
:10C83000010322F81130736863B328461F785968E2
:10C84000FFF7FAFE10B1D1B13E4826E03C4A04F1B0
:10C85000080032F8103023F02003DB04DB0C22F850
:10C86000103061B1032FEFD87168496891F800C0AA
:10C87000D8F80010A7B90CF5A27C41F82C70304A0A
:10C8800004F1080132F8113023F01C0343EA870356
:10C8900022F81130B3684BBB2B4804B0BDE8F081DF
:10C8A00001EB8C0143EA4C33D1F810E52EF0030E76
:10C8B000C1F810E5D8F8001001EB8C0E43F020030E
:10C8C000DEF8101522F8103021F44F3121F44071B8
:10C8D000CEF810152902DEF8108501F47C5141EAEA
:10C8E000074141EA0801CEF81015C8E7D3E900670F
:10C8F0002846FFF7D9FE002ECED0114DD5E90023F2
:10C90000964203D19F4201D1002209E00F480DF168
:10C910000F01FFF7F5FC0C4B9842BED19DF80F209C
:10C9200045F8326005EBC20308345F6035F8143017
:10C9300043EA422343F4807325F81430ACE700BF88
:10C94000080100200400AD0B0000AD0B80010020A9
:10C950002DE9F0430C4685B08046204611461E4620
:10C96000FFF734FE054629B32046FFF765FE18B9E8
:10C970002046FFF76DFE18BB314F05F1080937F867
:10C98000193013F01C0F02D04B78012B18D0012363
:10C990008DF80F300023CDE900134A1C8B1C204674
:10C9A0000DF10F0105F03BF937F8193043F003039F
:10C9B00027F81930002E41D02046FFF73DFE18B968
:10C9C000204805B0BDE8F08396F800C0D8F80030E4
:10C9D0001B4F0CF5A272002143F8221005F108024A
:10C9E00037F8121021F02001C904C90C27F81210E1
:10C9F00075781DB3D8F80000B67800EB8C002D04D4
:10CA0000D0F8103523F4991323F4F853C0F81035F7
:10CA1000230203F47C5305F440353605D0F810E5C5
:10CA20002B4306F4801641EA4C31334341F0200198
:10CA300043EA0E0327F81210C0F810350248C0E789
:10CA4000080100200400AD0B0000AD0B014BC3E951
:10CA5000021270470801002010B508461446FFF77F
:10CA6000F7FD50B10846FFF7B1FD054B083033F82C
:10CA7000103004485B0B237010BD0348FCE700BF77
:10CA8000080100200000AD0B0400AD0B70B5164D81
:10CA900095F8804006462CBB2146602205F1100027
:10CAA00005F0FBFD30682E6F21468E420ED100232B
:10CAB000C0F87C31D0F87C3140F30730FCF7B4F893
:10CAC00001230A4885F88030AB6770BDCBB29B006C
:10CAD00003F580727C2B08BF845001F1010108BF6F
:10CAE0008358E2E70248F0E7080100200000AD0BA0
:10CAF0000C00AD0B034B93F88000003818BF0120E9
:10CB0000704700BF080100200148FFF71DBC00BFAF
:10CB10007C0100200148FFF7F3BB00BF7C0100202F
:10CB200073B503681646D3F80423002AA8BF4FF054
:10CB300000420546A8BFC3F8042308460C46FFF789
:10CB400087FD00B30846FFF777FD0146D8B92046B8
:10CB5000FFF766FD04B2A40004F58072034628685E
:10CB60008150296882582144D1F8102542F00102F1
:10CB7000C1F810252EB12968012202FA03F3C1F889
:10CB8000043302B070BD2046FFF720FD0F4B083084
:10CB900033F81030C3F38203042B12D0052B12D0CC
:10CBA00001A80194FFF702FD019AD0F81035D34097
:10CBB00003F00103991C204602B0BDE8704005F067
:10CBC00077B80321F7E70221F5E700BF080100204D
:10CBD0002DE9F04F694BDFF8B081D3F80403D8F8A2
:10CBE0007010C0B289B040F00040FFF789FD051E0B
:10CBF0002FDAC24600235AF87C1F06A8CDE9063377
:10CC0000FFF732FD5E4B01930DF118094FF0000B59
:10CC1000019A12F8013B0192DA0803F007031AF8AF
:10CC2000022022FA03F3DA071CD409F10409BBF14C
:10CC3000000F14D0D8F870104FF00040FFF760FDDF
:10CC4000D8F87C1006A8FFF70FFD0028DAD125F0F0
:10CC500000450124002D79D109B0BDE8F08F4FF0D7
:10CC6000010BD5E7474B5B440293D9F8001000292C
:10CC7000DBD0029B91FAA1F11C78B1FA81F141EA73
:10CC800044142046FFF7A2FC0830059438F81070D1
:10CC9000C808BB0819F80020039301F0070101231D
:10CCA00003FA01F122EA010209F8002005A8FFF7C2
:10CCB0007DFC059A039B02F5E072C7F3820650F8EB
:10CCC00022205B073746C2F3014224D5204639466D
:10CCD000D6B2FFF785FC05A80594FFF767FC059B16
:10CCE00003F5E07350F82330C3F301439E4207D1AC
:10CCF0000021204604F0DCFF3146204604F0D8FF36
:10CD000005A80594FFF752FC059B012202FA03F3E4
:10CD1000C0F82035A9E7022A0CD10321204604F0EF
:10CD2000C7FF06F00503012BEAD139462046FFF77D
:10CD300057FCE5E702212046039204F0B9FF032ED9
:10CD4000F3D0039A032ADBD1022EEDE795FAA5F37F
:10CD5000B3FA83F304FA03F29B0003F1804303F573
:10CD6000C04325EA0205D3F81005D3F81015C0F327
:10CD70000520C1F30141FFF733FC6BE70060004081
:10CD8000053B0300053B03000801002010B5184CCB
:10CD9000237853BB0278C2F34003920712D54FF0B9
:10CDA0008053D3F83021082A0BD1D3F83431052B26
:10CDB00007D8104AD35C23B14FF080430122C3F857
:10CDC000382601234FF08042C2F88035037803F003
:10CDD0000103C2F878350020FBF748FF08B9FBF7DC
:10CDE00023FF01230448237010BD0448FCE700BF63
:10CDF0003E180020073B03000000AD0B0C00AD0BFC
:10CE00004FF080434FF46072C3F80823014B0022B7
:10CE10001A6070479C17002008B5FFF7F1FF036800
:10CE20000BB1014A136008BD9C17002010B54FF0EC
:10CE30008043D3F80443620707D54FF4847004F0AD
:10CE400082FF10B11E4B1B689847A30608D54FF40C
:10CE50008A7004F078FF18B11A4B00201B689847BD
:10CE6000600608D54FF48C7004F06DFF18B1154BB7
:10CE700001201B689847210608D54FF48E7004F0F6
:10CE800062FF18B1104B00201B689847E20508D5D7
:10CE90004FF4907004F057FF18B10B4B01201B6842
:10CEA0009847A3050AD54FF4927004F04CFF28B1BF
:10CEB000054BBDE810401B680220184710BD00BF9D
:10CEC000A4170020A01700209C170020036803F07F
:10CED0001F025B09026004D0012B034818BF002029
:10CEE00070474FF0A040704700030050012370B519
:10CEF00004460D464361642600220221204604F0C8
:10CF000058FF20B9012004F086FE013EF4D1002331
:10CF10006B774FF08051D1E94C1208291AD1052ABC
:10CF200018D80E498A5CAAB14FF0FF32D4F8080530
:10CF3000D4F80C15C4F80035C4F80825C4F80C253D
:10CF40000922C4F80025C4F80035C4F80805C4F85F
:10CF50000C1570BD0023C4F80035FAE70D3B030043
:10CF60000F4B984219D00DD80E4B984215D007D8C8
:10CF70000D4B984211D00D4BC31A5842584170477F
:10CF80000B4BF9E70B4B984207D004D80A4B984259
:10CF900003D00A4BF0E70A4BEEE70120704700BFD1
:10CFA00080841E0020A1070048E8010090D0030003
:10CFB00040420F000024F40000093D0000127A00F6
:10CFC0000048E80173B51646421C1C460546069B00
:10CFD00018D0012902D1BBB104F029FF01A80195A5
:10CFE000FFF774FF019B00EB83002402D0F80027B9
:10CFF000074B44EA86040C4313401C4344EA4101B6
:10D00000C0F8001702B070BD04F01EFFE6E700BFD5
:10D01000F0F8FCFF2DE9F347674B4D6990F8049059
:10D020009D4206460C4600F0AE8000F29E80634BA7
:10D030009D4200F0AB8000F29080614B9D4200F079
:10D04000A880604B9D420CBF4FF080654FF080453B
:10D05000DFF88481E07E242202FB0983997F60F35C
:10D06000000199773379217C02FB03839A7F61F376
:10D0700041029A77E77E5FBB6269534B9A420CBFCD
:10D080004FF0030A4FF0000A237E012B94BF0023C8
:10D0900001230093206853463A460121FFF792FF8F
:10D0A0000097606853463A460121FFF78BFF0097CF
:10D0B000A27EA06853463946FFF784FF237C83F0A5
:10D0C00001030093E06853463A460121FFF77AFFD7
:10D0D000242303FB0983E2681A62217C9A7F61F3AF
:10D0E00041029A77207FA77C217E627E336890B9C7
:10D0F000D4E900ECA468C3F808E5C3F80CC5C3F88C
:10D1000010454FF0FF34C3F86C45C3F81445C3F81D
:10D110006805C3F86405003A18BF01220229C3F864
:10D12000C075C3F824553DD003293ED0012901D153
:10D1300042F00202C3F854250222C3F86025337975
:10D140002422534358F8033093B3306840F3073038
:10D1500002B0BDE8F047FBF767BD1C4B9D420CBF1A
:10D160004FF080554FF0804572E7194B9D4213D028
:10D17000154B9D4213D0174B9D420CBF4FF00045FD
:10D180004FF0804564E74FF0005561E74FF00065D0
:10D190005EE74FF000755BE74FF0206558E74FF012
:10D1A000A05555E742F00402C4E742F00602C1E789
:10D1B00002B0BDE8F08700BF80841E0020A10700F8
:10D1C00048E8010090D003000048E80140420F0009
:10D1D0000024F40000127A00A8170020431C07B5B1
:10D1E0000ED0019001A8FFF771FE019B00EB8300B8
:10D1F000054BD0F80027134043F00203C0F8003776
:10D2000003B05DF804FB00BFF0F8FCFF2DE9F84324
:10D210000746144C97F80480242505FB08F504EB19
:10D2200005091E4699F81C30C3B999B14869FFF742
:10D2300097FEA8B138466251C9F80460FFF7EAFECC
:10D24000242303FB08440023637707480123237743
:10D25000BDE8F8836251C9F80460F1E70348F7E7D5
:10D260000348F5E7A81700200000AD0B0C00AD0B3C
:10D270000400AD0BF8B5044606790068184D40F37C
:10D280000730FBF7DFFC24237343EB5853B12368CB
:10D29000144AC3F8082306EBC601206805EB810198
:10D2A000FFF724FE2421236801FB0651D3F808056B
:10D2B000D3F80C45D3F810758B7FDB070AD4FFF742
:10D2C0008DFF3846FFF78AFF2046FFF787FF086A81
:10D2D000FFF784FF242303FB065500232B77F8BDBB
:10D2E000A8170020520108002DE9F0430779554D99
:10D2F00024237B439046EA180E46517F85B0814631
:10D30000002940F09C80EB5823B118F0140F04BFA3
:10D310000123537796E80F00242404FB075404F1FB
:10D320000C0C8CE80F00206A421C04D0A37F9B07E2
:10D330001AD504F07CFD3368D9F8004023B103F01E
:10D340006043B3F1005F06D1B36883B103F060437B
:10D35000B3F1005F0BD0242303FB075300223A48AC
:10D360005A7705B0BDE8F08304F06EFDE3E718F0EE
:10D37000010318BF0123C4F8503518F0020318BF89
:10D380000123C4F8403596E80F00EC468CE80F0006
:10D39000039BC4F84405C4F84815C4F83425C4F800
:10D3A00038350023C4F81831D4F818310723C4F8ED
:10D3B000003524237B4318F0080F05EB03021DD131
:10D3C000E8580121216158B9D4F81831002BFBD05D
:10D3D00062464021204604F0ECFC24237B43EA18FB
:10D3E000EB5813BB106A461C13D107EBC70705EBBC
:10D3F00087012046FFF77AFD1448B2E7EB58A3B93E
:10D40000106A411CF8D0937F9A070BD504F01CFDDD
:10D41000F2E7937F9B0702D504F016FDE5E704F0E1
:10D4200006FDE2E704F003FDE6E718F0040F4FF015
:10D43000400314BFC4F80833C4F80433DCE70448DD
:10D440008FE700BFA81700200A00AD0B0000AD0B4E
:10D450000B00AD0B10B5114A40214FF0402004F0F5
:10D46000A8FCD0B10E4C206A421C04D0A37F9B07BD
:10D4700010D504F0E9FC637F23B109494FF0402047
:10D48000FFF734FD002323720648D4E90031BDE8DC
:10D490001040184704F0CBFCEDE710BDB417002096
:10D4A000A8170020B017002070B5044688B1037893
:10D4B000C3B10D4D0D4EB54201D3002409E02968DA
:10D4C000A14208D1284604F00DFD002814BF2C46C7
:10D4D0000024204670BD2046F8F77CFE0028F1D0DD
:10D4E0001435E8E71C46F4E75C2E0300882F0300A0
:10D4F00038B5EFF31185202383F31288BFF36F8FC4
:10D50000064B9C6804F001FD85F31188BFF36F8F13
:10D510002046BDE83840FBF717BB00BFCC17002002
:10D5200038B5094B53F82040013053F82050A5423C
:10D5300000D838BD636823B1204604F0E9FC083404
:10D54000F5E723689847FAE73837030070B52B4BA7
:10D550002B4C2C4D012286B003201A70FFF7E0FF00
:10D5600001F07AFB04F0F0FC0420FFF7D9FF264617
:10D57000AE4204F1300410D300F020FF204C224EC4
:10D58000AC4226D300F02EFF03F0CBF91F4A137BE9
:10D5900023F00103137306B070BD54F80C3C0593DF
:10D5A00054F8103C049354F8143C039354F8183C7A
:10D5B000029354F81C3C019354F8203C009354E926
:10D5C0000A2354E90C0100F015FD54F8303C5E6567
:10D5D000CDE7D4E90A23B3F1FF3F08BFB2F1FF3F23
:10D5E00005D052EA0301206803D100F0D9FF30349E
:10D5F000C6E73146183001F07FF9F8E73F18002000
:10D600000831030038310300E52303002807002018
:10D6100008B50348034A0021121A04F091FC08BD22
:10D62000800300204418002070B5144E144D154995
:10D63000C02386B003FB006601220023CDE904234A
:10D640000F22CDE902320193182303FB00554FF45A
:10D65000A072044602FB00110B4B0095304600F00F
:10D66000C9FC737B2C7423F004037373074BEE60C7
:10D67000013403EBC4236B6006B070BD6806002064
:10D68000CC17002048280020ED1F03004820002070
:10D69000BFB50020FFF744FF294B83F30888294CCE
:10D6A000294F636943F4007363610025E02384F824
:10D6B0002230E57725766576A57684F82050636A72
:10D6C00043F4E023636284F82350FBF7FDF9FBF792
:10D6D0008FFB4FF0FF33A362E362FBF723FCFBF702
:10D6E000ABFB1A481A4C00F0EFFC04F0FAFB0120E7
:10D6F000FFF716FF0220FFF713FF00F0A7FE154B00
:10D7000015499C61154B05930123CDE903534FF453
:10D7100080623B46CDE901550095204600F06AFC49
:10D72000627B064622F004022046627304F01DFE6E
:10D730002846FFF779FF3A4631462046FBF72EFB95
:10D740004828002000ED00E04DD50200C808002068
:10D7500028070020CC17002088290020133B030055
:10D7600038B5064C064D0020AC4200D338BD2046EB
:10D7700004F0EBFB0028F9DB1C34F5E72002002065
:10D780003C02002073B50C46EFF31181202585F390
:10D790001288BFF36F8FC5685DB125602B68C360C9
:10D7A000836901338361002081F31188BFF36F8F98
:10D7B00011E052EA030603D125606FF00B00F3E796
:10D7C000CDE900230246083000F056FD18B9034B9E
:10D7D0009B685B69236002B070BD00BFCC1700205E
:10D7E0002DE9F34104460E4600F10808EFF31187D6
:10D7F000202181F31288BFF36F8F006AE1688842AD
:10D8000033D22568AC4219D0C5B1284604F0F9FBE3
:10D8100005F1180004F05AFEA26868693146002438
:10D8200004F02DFF2846AC6704F09FFD40463946C2
:10D8300000F09EFD204602B0BDE8F081A268E069DC
:10D84000314604F01CFFE369A26813446269E36196
:10D85000934204BF2369E361236A013323620020FA
:10D8600087F31188BFF36F8FE5E752EA03010AD00F
:10D870000649896840464E61CDE900233946224673
:10D8800000F0FAFCD7E76FF02200E9E7CC170020A0
:10D89000F7B5044604F108070846EFF31186202186
:10D8A00081F31288BFF36F8F216A002939D0A268F3
:10D8B000A16904F0E4FEA369A268256813446269C3
:10D8C000A361934204BF2369A361236AAC4203F1BD
:10D8D000FF33236233D02846002D31D004F091FB72
:10D8E00005F1180004F0F2FDA2686969E06904F02E
:10D8F000C6FEE369A26813446269E361934204BF10
:10D900002369E361236A0133236200242846AC675C
:10D9100004F02BFD3846314600F02AFD204603B0C6
:10D92000F0BD52EA030110D0094989684861CDE988
:10D93000002331462246384600F09EFCEFE70020E7
:10D9400086F31188BFF36F8FE9E76FF02200F7E7E6
:10D95000CC1700202DE9F341044617461E46EFF38D
:10D960001188202383F31288BFF36F8FC368334A73
:10D970007BB180689168884219D057EA060318D1B4
:10D9800088F31188BFF36F8F6FF00F0002B0BDE80E
:10D99000F081916891F90E1021610133E360936881
:10D9A000A36088F31188BFF36F8F0020EEE7216931
:10D9B000F2E791F90E1090F90E309942A8BF19467E
:10D9C0006FF07E029142B8BF11468B422DDD04F00C
:10D9D00025FB0546CDE9007619482246414600F070
:10D9E0004BFC0028E1D0EFF31186202383F312884B
:10D9F000BFF36F8FA068D0B1236821699C420AD021
:10DA00004BB193F90E309942A8BF19466FF07E03CF
:10DA10009942B8BF194604F001FB40B108483146AD
:10DA200000F0A6FC6FF00A00B0E70025D2E7002D59
:10DA3000F4D186F31188BFF36F8FF3E7CC17002082
:10DA400040180020F8B583680546002B3FD0234AD4
:10DA5000926893423ED1C368012B03D9013BC36056
:10DA60000020F8BDEFF31187202383F31288BFF362
:10DA70006F8F0169806804F0D1FA2C68A54207D144
:10DA80000023C5E9023387F31188BFF36F8FE7E7FF
:10DA9000002CF5D0D4E9003213605A60637B002675
:10DAA00023F002036373C4E90066A66004F1180062
:10DAB00004F00CFDAC6094F90E302B612046A66793
:10DAC00004F053FC0648394600F052FCC8E76FF0FA
:10DAD0001500C6E74FF0FF30C3E700BFCC170020AA
:10DAE0004018002037B51146EFF31185202282F34C
:10DAF0001288BFF36F8F04689CB12368426823F0DB
:10DB000003039442036008BF43600121204604F0F0
:10DB100009FB044685F31188BFF36F8F204603B0DD
:10DB200030BD51EA0302F5D000F10802CDE900133F
:10DB30001046294600F0A0FB0028EFD1014B9B685E
:10DB40005C69EBE7CC17002070B5EFF3118620235A
:10DB500083F31288BFF36F8F0468A0421AD0CCB150
:10DB6000D4E9003213605A60637B002523F002037E
:10DB70006373C4E90055A56004F1180004F0A6FC25
:10DB80002046A56704F0F1FB31460848BDE8704027
:10DB900000F0EEBBD0E902329A4218BF0133836035
:10DBA00086F31188BFF36F8F70BD00BF401800204F
:10DBB00013B5EFF31181202484F31288BFF36F8F24
:10DBC000846844B1013C846081F31188BFF36F8F96
:10DBD000002002B010BD52EA030406D181F311887F
:10DBE000BFF36F8F6FF00F00F3E7CDE9002302461C
:10DBF000014800F041FBECE7401800202DE9F0411E
:10DC00000546EFF31187202383F31288BFF36F8F4C
:10DC100000231E466FF00A082C68A54216D0ACB14E
:10DC2000D4E9003213605A60637BA66023F00203DC
:10DC30006373C4E9006604F1180004F047FCC4F8FB
:10DC40007880204604F091FB0123E5E70022AA60DA
:10DC50002BB139460548BDE8F04100F089BB87F398
:10DC60001188BFF36F8FBDE8F08100BF401800201E
:10DC70001FB5094A92E8030002AB83E803004FF4A2
:10DC800000620093054906484FF0FF3300F010F999
:10DC9000002005B05DF804FBC0310300882D002092
:10DCA000E80700202DE9FF414F4E04462027EFF3FF
:10DCB000118887F31288BFF36F8FD4F8C050F5B97D
:10DCC000022104F1D80004F050FA002868D004F1D1
:10DCD000D00500220121284604F0BDFB0028F8D120
:10DCE000002302934FF0FF324FF0FF33CDE90023C2
:10DCF000414604F1C8023D4800F01CFDD7E7D4F8C6
:10DD0000C4202B68C4F8C030954208BFC4F8C430A2
:10DD1000D4F8D83043F00203C4F8D830EB6823F0CD
:10DD2000040343F00103EB606B6888F31188BFF3D1
:10DD30006F8F28469847EFF3118887F31288BFF357
:10DD40006F8FEB68D80623F0010236D4EA60EB68E7
:10DD50009A0716D5306823F00203EB6088B1036898
:10DD6000002170B14268954235D1036869BB726881
:10DD70003360824200D17360002340F8083BFFF714
:10DD8000E3FED4F8D83023F00203C4F8D83088F387
:10DD90001188BFF36F8FDB0589D400F05FFB86E746
:10DDA000D4F8D830D9069BD5C4F8D80088F31188A8
:10DDB000BFF36F8F04B0BDE8F08123F01103EB6077
:10DDC00005F11000FFF7C0FEC1E70B6073688342E6
:10DDD00008BF7160D0E723B11A68014618461346A0
:10DDE000BFE71A46F9E700BFF417002040180020EB
:10DDF000F8B5C3689A0704460F46C3F340062CD40F
:10DE00005B071AD40B680BB983680B60E368DD0706
:10DE100044BFA3683B603D684CBF02260126002D2D
:10DE20003AD01F4B9B68AB420AD0D5F8D830D80700
:10DE3000C3F3800214D46FF0120600233B6025E088
:10DE400004F050FAD5F8D8300028F0D1D907C3F340
:10DE5000C002F0D552B15B0708D46FF00F06ECE7B3
:10DE6000002AFAD1C3F3C003002BF6D100232360AC
:10DE7000D5F8C43063B9C5E93044284604F08FF9B9
:10DE8000E36843F00403E3603B68A3603046F8BDF9
:10DE90001C60C5F8C440F0E76FF01506CDE700BF81
:10DEA000CC1700200146014804F0EDB9E807002036
:10DEB000F0B589B004460020C4E930000E9D04F19D
:10DEC000C800C4E9320004F1D000C4E934004DB305
:10DED0002879002840F2011008BF0120C4F8D800BA
:10DEE00000204FF0FF364FF0FF37CDE90330CDE98A
:10DEF0000100CDE906670C4B0094204600F0B8F80D
:10DF000055B1296811B1204604F0F2F96B791BB1C3
:10DF1000237B43F001032373204609B0BDE8F040A2
:10DF200000F03EBB0120D9E7A5DC020037B5019027
:10DF30000846EFF31184202181F31288BFF36F8F1D
:10DF4000C16811F01E0F16D153EA020508D101A9CC
:10DF5000FFF74EFF84F31188BFF36F8F03B030BD1E
:10DF600041F00801C160019981621030034900F05D
:10DF7000C3FC0120EEE70020ECE700BF1322030002
:10DF800001460148FFF7D2BFE8070020F7B50C466D
:10DF9000019016461D46EFF31187202383F3128864
:10DFA000BFF36F8F084604F0EBF855EA060309D17A
:10DFB00001A92046FFF71CFF87F31188BFF36F8F7D
:10DFC00003B0F0BDE368074943F00803E360019B39
:10DFD000A36204F1100032462B4600F08DFC0120B4
:10DFE000EAE700BF1322030001460148FFF7CEBF56
:10DFF000E80700202DE9F04385B0984600F158036A
:10E000000732C0E91633109B037322F0070504237F
:10E010000026437301EB05090F9B83730F46C0E98C
:10E02000066649468660C6730446FAF7F5FB073074
:10E030000E9B20F00700A066C4E9187502930D9BA3
:10E040000193A9EB00090C9B00934A4643463946CD
:10E050002046FAF75FFE054B66659B6803B1DB6EF1
:10E06000E366484605B0BDE8F08300BFCC1700204A
:10E07000F0B587B000250595109D04950F9D03957B
:10E080000E9D0295DDE912760D9D01950C9D009582
:10E090000446FFF7AFFFB6F1FF3F08BFB7F1FF3F00
:10E0A00005D056EA070305D1204600F079FA20464C
:10E0B00007B0F0BD03493A46334604F1180000F0BA
:10E0C0001BFCF4E7E523030040F2011383810023E6
:10E0D000C0E91833C366014B98607047CC17002025
:10E0E000094A93686FF00A019967084958674B68B5
:10E0F00043F080534B60002383F31188BFF36F8F8D
:10E100009368986F704700BFCC17002000ED00E0C7
:10E1100070B590F90D20437B002A36DBD90634D147
:10E120001B4C63F07F032246437352F81C3F216A65
:10E13000934207D1C0E900210860206211E09942B2
:10E14000F8D01B68002BF5D090F90E5093F90E60B3
:10E15000B542F4D0AE42F2DD5968C0E90031086042
:10E160005860E569954200D005B9E568A3685A7B17
:10E17000D20604D1DA897F2A01D9AA6932B1AB4229
:10E1800002D0284600F016FBA56170BDA361FCE734
:10E19000CC17002038B590F90D20437B002A0146AA
:10E1A00004DA03F07F03437304F0A5F80D4D2A460B
:10E1B000AB6852F81C4F944200D004B9EC688B4213
:10E1C00007D05A7BD20604D1DA897F2A01D9A26905
:10E1D0002AB1A34202D0204600F0ECFA2346AB61FC
:10E1E00038BD00BFCC17002070B590F90D20437BDF
:10E1F000002A014604DA03F07F03437304F07BF83E
:10E200004B7B1C4C63F07F0322464B7352F81C3F40
:10E21000206A934207D1C1E900200160216211E028
:10E220009842F8D01B68002BF5D091F90E5093F965
:10E230000E60B542F4D0AE42F2DD5868C1E900305C
:10E2400001605960E569A368954200D005B9E568A9
:10E250008B4207D05A7BD20604D1DA897F2A01D9B2
:10E26000AA692AB1AB4202D0284600F0A3FA2B4695
:10E27000A36170BDCC170020F8B5124B0C461146B7
:10E28000114A98681060DDE90676EFF311822022CA
:10E2900082F31288BFF36F8F9D68284604F03DF823
:10E2A000B6F1FF3F08BFB7F1FF3F06D007493A4636
:10E2B000334605F1180000F01FFB2046BDE8F8408A
:10E2C000FFF70EBFCC170020FC170020E52303004A
:10E2D000F8B50446EFF31187202383F31288BFF3C8
:10E2E0006F8F437B03F01F02002A0CBF012600261C
:10E2F00049B239D103F07F03437303F0FCFF1B4D98
:10E30000437B817363F07F032A46437352F81C3FBB
:10E31000934227D1286AC4E9002004602C620FE0F0
:10E320008342F8D01B68002BF5D093F90EC06145ED
:10E33000F6D08C45F4DD5968C4E900310C605C60AE
:10E34000EC69944200D004B9EC68AB689C4202D0FE
:10E35000204600F02FFAAC6187F31188BFF36F8F6E
:10E360003046F8BD286ADEE78173F5E7CC17002058
:10E3700049B9EFF3058030B9054B9A699B689A4219
:10E3800001D0FFF7ADBE81F31188BFF36F8F7047E7
:10E39000CC170020034648B9EFF3058232B9064A8C
:10E3A00091699268914201D0FFF79ABE83F3118878
:10E3B000BFF36F8F704700BFCC170020EFF31181C0
:10E3C000202383F31288BFF36F8F054B9A68D37BAA
:10E3D000013BD37381F31188BFF36F8F704700BF88
:10E3E000CC17002070B5EFF31186202383F3128839
:10E3F000BFF36F8F144DAB68DA7B0132DA732A46B4
:10E4000052F81C4F944200D004B9EC685A7BD206F3
:10E4100004D1DA897F2A01D9A2692AB1A34202D0A4
:10E42000204600F0C7F92346AB6186F31188BFF39D
:10E430006F8FEFF31180202383F31288BFF36F8F68
:10E44000BDE87040FFF7A6BFCC170020024B03F1D8
:10E450001C02C3E907227047CC17002070B5EFF308
:10E460001186202383F31288BFF36F8F1B4CA168A2
:10E47000206A0B68814214BF1A46002249680B606B
:10E480005960A368216A2AB9154AC3E900210B60C3
:10E4900023620CE093F90E0092F90E50A84218D0B6
:10E4A000854216DD5168C3E900210B605360E569C0
:10E4B0000B4B9D4200D005B9E568A3689D4202D090
:10E4C000284600F077F9A5613046BDE87040FFF7B7
:10E4D00007BE8A42D8D01268D5E700BFCC1700200B
:10E4E000E817002050EA01032DE9F04105460E46E9
:10E4F00004D1FFF7B3FF0020BDE8F081831C71F168
:10E50000FF3324DB04F003F84419EFF311882023D0
:10E5100083F31288BFF36F8F0F4F104BB8681860EA
:10E52000FFF738FEB8680E492A463346183000F027
:10E53000E3F9BA68537B43F0040353734046FFF793
:10E54000CFFD03F0E4FF201A20EAE070D4E76FF07B
:10E550000104241AD9E700BFCC170020FC170020C3
:10E56000E52303000C490D4A38B500244FF400455B
:10E570008C462146C0FB05C100236046F7F710FE1C
:10E58000C117FFF7AFFF054A47F6FF73C0FB023420
:10E59000DB0B43EA444038BD3F420F0040420F00CE
:10E5A00038B50446EFF31185202383F31288BFF3B7
:10E5B0006F8F437B5B070FD5183003F087FF637BBA
:10E5C00023F0040320466373FFF7A2FD29460548A4
:10E5D000BDE83840FFF7CCBE85F31188BFF36F8FDD
:10E5E00038BD00BF40180020014B9868704700BF3D
:10E5F000CC1700202DE9F8430446077BEFF3118583
:10E60000202383F31288BFF36F8F437B190705D54F
:10E6100085F31188BFF36F8FBDE8F883D90943F004
:10E6200008025DD14273A36813B1204603F06BFE6C
:10E6300004F1180003F04AFFA66D04F15808B04534
:10E6400011D04FF0000976B1304603F05CFE06F1C0
:10E65000180003F03BFFC6F878903046FFF758FDEE
:10E66000A66DB045EFD1DFF8C880D8F808309C42DD
:10E670003ED1EFF30589B9F1000918BF4FF0010948
:10E68000D8F81C60284A964200D00EB9D8F80C6021
:10E69000B34202D0304600F08DF82046C8F818602A
:10E6A000FAF758FBB9F1000F02D02048FFF70CFD34
:10E6B000D8F808309C4231D1EFF3058373BB227B3D
:10E6C000D20718D42846FFF70BFDFB07A4D500237B
:10E6D00083F31188BFF36F8F0423184602DF9BE793
:10E6E00003F07F0343F00803437303F004FE9AE74B
:10E6F0004FF00009C4E785F31188BFF36F8F83F3F0
:10E700001188BFF36F8F0423184602DFEFF31180E7
:10E71000202383F31288BFF36F8FD4E785F311882A
:10E72000BFF36F8FD1E700BFE8170020C8080020B3
:10E73000CC170020D3B5DDE90667089CCDE900675A
:10E74000FFF79AFD1CB1034B9B685B69236002B025
:10E75000D0BD00BFCC170020044BC01A044BC01022
:10E760005843044B01221A54704700BF8809002007
:10E77000ABAAAAAA40180020C3897F2B12D80A4B43
:10E780001B6863B1094B90F90E201B689A4209DBA4
:10E79000437BDB0606D1064BC31A18BF012303F0E7
:10E7A000010070470023FAE7041800200018002039
:10E7B0006806002070B50E4B0E4C1E7C06EB46031F
:10E7C00004EBC3040546204603F080FE0A4B0022FA
:10E7D00028469A55FFF7D0FF48B1084B08491A68F8
:10E7E000013A2046D317BDE8704000F085B870BDEF
:10E7F000CC170020880900204018002004180020B1
:10E8000059E7020038B5EFF31185202383F312880E
:10E81000BFF36F8F104B114A9C681068A04206D15D
:10E82000FFF7C8FF85F31188BFF36F8F38BD002154
:10E830001B7C11600A4AD35C002BF3D02046FFF703
:10E840009BFF0028EED0637BDB0602D12046FFF75A
:10E85000CBFC2046E4E700BFCC170020FC170020CB
:10E86000401800200748084A084908B5121A03F062
:10E8700069FB0748074A0849BDE80840121A03F037
:10E8800061BB00BF000000207C030020B43B0300FC
:10E890000000002000000020B43B0300024B186879
:10E8A000984208BF002070478C010020034B1B6872
:10E8B0000BB9FDF72BBA0020704700BF08180020E5
:10E8C00030B570B10B4B5B6898420AD0036843B116
:10E8D000D3E90421D0E90445121941EB0501C3E94C
:10E8E0000421D0E9003213605A600023C0E90033EC
:10E8F00030BD00BF8C010020B3F1FF3F08BFB2F173
:10E90000FF3FF8B504461D4616465AD08160EFF326
:10E910001187202383F31288BFF36F8F013275F1C3
:10E92000FF3321DA2C49D1E900206FF001039B1A53
:10E930004FF0FF3262EB00009E1B60EB0500012EE2
:10E9400070F1000301DA01260020C4E90460FFF73A
:10E95000A5FF224E84467068BCF1000F0DD1C4E9BA
:10E960000060046074601CE0FFF7A0FF013645F111
:10E970000005361845EBE070E7E7DCE90425D4E94B
:10E980000431934271EB050E1CDAD21ADCF8043024
:10E9900065EB0105CCE90425C4E900C31C60CCF893
:10E9A0000440FFF77BFF844207D10D4B1C6824B95C
:10E9B00003F073FD2146FDF77BF987F31188BFF360
:10E9C0006F8FF8BD9B1A61EB05018445C4E90431E2
:10E9D000C5D0DCF800C0BFE7A00900208C010020F2
:10E9E000081800202DE9F047EFF31185202383F369
:10E9F0001288BFF36F8F254F254E3860FFF74EFF0B
:10EA00004FF000084FF000093B68D6E9001E4FEABE
:10EA1000E37C50B1D0E90442A3427CEB020A18DA4D
:10EA2000E41A62EB0C02C0E904425B184EEB0C02E4
:10EA30000024C6E900323C6003F02FFD2146FDF7BB
:10EA400037F985F31188BFF36F8FBDE8F047FFF703
:10EA5000D9BE61184EEBE473C0E90489C6E900131E
:10EA6000FFF72EFF85F31188BFF36F8F83689847F8
:10EA7000EFF31185202383F31288BFF36F8F3B6878
:10EA80001B1B3B60FFF70AFFBEE700BF0818002012
:10EA9000A009002010B5EFF31184202383F312881E
:10EAA000BFF36F8FFFF702FF054A0346D2E900016B
:10EAB000181841EBE37184F31188BFF36F8F10BD19
:10EAC000A0090020F8B50446EFF31187202383F353
:10EAD0001288BFF36F8F026822B187F31188BFF3EA
:10EAE0006F8FF8BDD0E90A36581C46F100010228A4
:10EAF00071F1000127D3012B76F10001BCBF012386
:10EB000016465D1E46F1FF3603F005FD013041F16A
:10EB10000001401946EB0101012871F1000139DBC8
:10EB200003F0F9FC013041F100016FF001024019DE
:10EB300046EB0103121A4FF0FF3161EB0303184952
:10EB40002046FFF7D9FE236B01332363236A6BB1A1
:10EB500087F31188BFF36F8F236A20469847EFF33E
:10EB60001187202383F31288BFF36F8F54F8185F47
:10EB7000A542B2D0002DB0D0284603F005FC0023FA
:10EB8000AB6787F31188BFF36F8F2846BDE8F84065
:10EB900003F0EBBB6FF001024FF0FF33CFE700BF94
:10EBA000C5EA02002DE9F04105461C4690461F4685
:10EBB000EFF31186202383F31288BFF36F8FB4F134
:10EBC000FF3F08BFB2F1FF3F05D186F31188BFF3C5
:10EBD0006F8FBDE8F081531C74F1FF3309DB012A0C
:10EBE00074F10003BCBF0122002412F1FF3844F18C
:10EBF000FF37284603F06AFCDDE90623C5E90A234E
:10EC000000232B63034942463B462846FFF774FE28
:10EC1000DBE700BFC5EA020073B506460D4603F008
:10EC200061FB78B90B4B9B68DC6E7CB12A1D09D265
:10EC300000200021CDE9000146F00401204603F048
:10EC4000C1FC08B9002401E00460041D204602B0A4
:10EC500070BD00BFCC170020014802F031B800BFE2
:10EC6000213B030038B5064C064DAC4201D30020D1
:10EC700038BDD4E90112204603F09BFC1434F4E7BC
:10EC80003C0200203C0200200CB430B589B005469F
:10EC90000C461C22002101A803F0FFFC02238DF882
:10ECA00006300E4B0293059523462CB1B4F1004F6C
:10ECB00028BF4FF00043013B1D440DAA0C99069557
:10ECC00001A8009200F0A8F814B1059B00221A7068
:10ECD00009B0BDE8304002B0704700BF592D0300B5
:10ECE0002DE9F04101260746B24201DCBDE8F08182
:10ECF0003B461F4613F8014B002CF7D0252CF8D1CA
:10ED00001C78252C07F10207F2D00023DFF80481DC
:10ED10009C461D461F2D18D8A4F1200EBEF1100FE1
:10ED200009D9A4F1300EBEF1090F1ED80A2404FB44
:10ED300003E3202504E028FA0EFE1EF0010F06D0A2
:10ED400017F8014B002CE5D128E07F2D1CD8A4F149
:10ED5000300EBEF1090FE9D9242C10D1BCF1000FFF
:10ED600046D0B34246D00023EAE724F0040EBEF1B9
:10ED70002A0FF8D06C2C09D145F08005E0E724F08B
:10ED8000040EBEF12A0FEED06C2C22D06C2C1BD8B6
:10ED9000682C23D06A2C28D04C2C26D0BCF1000F34
:10EDA000A4D0B445A0D144F02007A7F1650CBCF174
:10EDB000020F0B6801D9612F1ED1073323F007031F
:10EDC00008330B6001368EE7742CB9D07A2CB7D09B
:10EDD000E4E72C0648BF45F40075CDE7EC0548BFD5
:10EDE00045F4007545F48075AAE745F42075A7E75A
:10EDF0009C46B8E76324D6E7692C02D007D8632C79
:10EE000003D02F0601D5AC05D7D40433D9E7732C32
:10EE1000F6E700BF892801002DE9F04F93B0436861
:10EE20000193837880469807CDE9061217D50B9297
:10EE30000B4600251F78A7B1252F16D00133059367
:10EE4000019B414638469847002805F1010580F2AC
:10EE5000358498F8023043F0040388F802304FF00C
:10EE6000FF35284613B0BDE8F08F5F789A1C252F38
:10EE70000592E5D000242646A246A346BBF11F0F0B
:10EE800032D8A7F12003102B0AD8DFE803F02409B9
:10EE9000092A0909091B0909092209270909190071
:10EEA000A7F13003092B2DD92A2F39D154B90B9B47
:10EEB0001BF0400F53F8042B0B9329D0164601E0AA
:10EEC0004BF0010B059B13F8017B0593002FD5D167
:10EED0005BE04BF0020B4BF0040BF3E74BF0080B3D
:10EEE000F0E74BF0100BEDE7BBF17F0F3FD8A7F138
:10EEF0003003092BD8D81BF0400F03D00A2202FBA5
:10EF00000636DFE70A2202FB0A3A4BF0200BD9E76C
:10EF1000B2F1000AF9DACAF1000A4BF0280BD1E786
:10EF20002E2F05D11BF0400F9BD14BF0400BC9E7B2
:10EF3000242F1CD1002C00F04181079B0B931BF068
:10EF4000400F0AD1524606980BA9FFF7C9FE0B9B4A
:10EF50001A1DD3F800A00B92B4E7324606980BA90D
:10EF6000FFF7BEFE0B9B1A1D1E680B92AAE76C2FC3
:10EF700000F0118100F20881682F00F014816A2FDF
:10EF800000F019814C2F00F0168134B1079B0698D0
:10EF90000B9322460BA9FFF7A3FE002E47F0200992
:10EFA000B8BF2BF0400BA9F16503BCBF1FFA8BFB68
:10EFB0000026022B40F20781B9F1610F40F0648214
:10EFC000FF4307F0200304930B9B073323F0070351
:10EFD0001BF0400F03F1080208BF4FF0FF3693ED1E
:10EFE000000B0B923146049A0CA803F01EFE013070
:10EFF000C3B2B3424BF4C054029301DB029B5E1ECA
:10F0000001230C9F0393A3464FF0700907F10903F6
:10F01000122B0DD907F16303C62B40F20D8107F2C5
:10F02000E73340F2CE72934294BF03230423039349
:10F030009DF8342002F00C0312F0010240F0178119
:10F040001BF0020F40F010811BF0040400F0F6806A
:10F05000002B40F00F8120231BF4405F1FD1029A48
:10F060004832002E6A4408BF0126133A029921B1A2
:10F0700012F8011D302900F034811BF0100F029AA4
:10F0800018BF3246391DC0F23181B74280F22E815D
:10F09000BA424BF4005B40F32B817E1C961B1BF4A1
:10F0A0000052089200F0268127EAE774013403B188
:10F0B0000134002E00F02681721C1444A245CCBFFE
:10F0C000AAEB040400241BF0090F04D12C44A54230
:10F0D00040F01D81002443B118464146019B9847EA
:10F0E000002805F10105FFF6B4AE1BF4006F13D044
:10F0F000019B4146302098470028FFF6AAAE049BAA
:10F10000C3F178004146019B00F0F80098470028C1
:10F1100005F10205FFF69DAE1BF0080F05D12C444A
:10F12000AC4240F0008125460024089B002B00F0F3
:10F130001A8127EAE77AA7EB0A077642029BBB42CD
:10F1400084BF0CABFB180AF1FF3A88BF5879019BCA
:10F1500098BF3020564505F10109414600F3ED8086
:10F160009847002807F10107FFF673AEBAF1FF3F99
:10F1700008D1019B41462E2098470028FFF669AE32
:10F1800005F102094D46D9E7742F3FF49BAE7A2F63
:10F190003FF498AEF9E61BF0800F18BF4BF4007BEC
:10F1A0004BF0800B8EE61BF4807F18BF4BF4007B86
:10F1B0004BF4807B86E64BF4207B83E62646B34601
:10F1C0005446B2467EE6FF4307F0200304930B9BB0
:10F1D000073323F007031BF0400F03F1080208BFB9
:10F1E0000626B9F1650F93ED000B0B9211D1711C3E
:10F1F0000022C9B24BF4805B1346112928BF1121AC
:10F200000CA800F0FBFAC3B2029302230C9F0393F5
:10F21000FCE6B9F1660F05D14BF4005B33460122E1
:10F220001121EAE7F1B201294FF0000238BF0121B4
:10F2300013464FF06509E0E70223F8E6002B3FF4A0
:10F240000BAFBAF1030F3BDC9DF83430A54E13F041
:10F25000080FA54B08BF1E463746B94617F8010BE5
:10F26000B0BBAE1BB1447BE033BB2B23F4E62BBB1E
:10F270002D23F1E62022BAF1040F13DD1BF0080F55
:10F28000AAF104040FD12C44019B02924146202094
:10F290009847002805F10105FFF6DBADA542029A6B
:10F2A000F2D19AB10024019B4146104698470028AC
:10F2B00005F10105C8DACCE52B22DCE72D22DAE7DF
:10F2C0001BF0080FAAF10304BED1DCE71446BBE72C
:10F2D000049BC01A4146019BC0B298470028BCDA83
:10F2E000B7E502990139C9B20291BFE6561ED6E6CA
:10F2F0000026D4E61BF4006F039A0CBF03240524F8
:10F300001444D4E61BF0100F18BF0134D6E609935D
:10F310004146019B202098470028099B05F10105E3
:10F32000BFF6D5AE95E5019B4146302098470028B1
:10F3300005F10105BFF6F4AE8BE598470028FFF60E
:10F3400088AD1BF0100F0BD0BAF1FF3F08D105F1CB
:10F35000020941462E20019B98470028FFF679AD0F
:10F360004D464C4432E29DF83500019B414698479A
:10F370000028FFF66EAD002E69DD019B41462E2070
:10F3800098470028FFF665AD4FF0010A029B9A45A9
:10F39000BBBF0CAB534430205879019B4146984782
:10F3A0000028D346FFF655AD0AF1010A5645EDDABD
:10F3B00002355D44049BA9EB03004146019BC0B2AA
:10F3C00098470028FFF645AD002FB4BF2D202B2015
:10F3D000019B4146B8BF7F4298470028FFF639ADF0
:10F3E000039B042B41D14FF47A79B7FBF9F606F170
:10F3F0003000019B4146C0B29847002805F1030543
:10F40000FFF627AD09FB16774FF06409B7FBF9F655
:10F4100006F13000019B4146C0B29847002805F133
:10F420000105FFF616AD09FB16774FF00A09B7FB89
:10F43000F9F606F13000019B4146C0B2984700281A
:10F4400005F10105FFF605AD09FB167715E01BF088
:10F45000100F01D10135ADE7019B41462E209847A1
:10F46000002805F10205A5DAF3E4039B032B05F15F
:10F470000205C9D0039B012BD7D107F1300005F15C
:10F4800001094146C0B266E7A7F16303122B00F2FF
:10F49000FE80DFE813F013005600FC00FC00FC00C7
:10F4A000FC005600FC00FC00FC00FC00FC00160107
:10F4B000F700FC00FC002B00FC00B8000B9B1A1DA1
:10F4C0001B680B928DF8303001240CAF1BF0080F35
:10F4D0002DD03E19B946B1452BD1EF1BB944AAEB4B
:10F4E00004043DE7533B03004F3B03000B9B1A1DF5
:10F4F0000B921F68AB4B002F08BF1F461BF0400F3D
:10F5000014BF31464FF0FF31384603F063FA04462A
:10F51000DCE7019B4146202098470028FFF699AC84
:10F52000013EB442F5D35544AD1BB246D1E7564631
:10F53000F7E719F8010B019B414698470028CADA02
:10F5400087E41BF0800F0B9B35D01BF4007F2DD080
:10F55000073323F00703D3E9000103F108020B92FC
:10F560002BF0100900291FFA89F936DA404261EBC5
:10F57000410149F480690DF1300B0A235A4603F02A
:10F5800035FA19F0400FA0EB0B0B65D029F0010202
:10F590005E4592B240F3B280002F00F0A98019F0CE
:10F5A00010033446914626D002345CE01A1D1868D8
:10F5B0000B92C117D4E71A1D1BF4807F19680B92B8
:10F5C00001D10846F5E71BF4007F15BF48B208B229
:10F5D00041F3C01141F3C031C2E750EA0103CAD17F
:10F5E0001BF0400FC7D0002EC5D12BF0110B1FFA16
:10F5F0008BF93446B34640F2064319EA03031CBFB5
:10F60000013400232FE02BF0100B1FFA8BFB0A2391
:10F610001BF080040B9A57D01BF400711DBF0732FA
:10F6200022F0070202F10801101D19BF0B91D2E967
:10F6300000010B90106850EA010252D12BF016091C
:10F640001BF0400F1FFA89F94FD0002E4DD12BF03F
:10F65000170B1FFA8BF9B34619F0100352D0002F85
:10F660004ED10BF1010419F0080F5ED119F0010F12
:10F6700006D0A2456EDDAAEB040404EB0B0654464B
:10F6800022464DE04BF0100B10237827C0E7B9F16C
:10F69000780F04D1C7F1780343F01003B8E7019B5A
:10F6A0004146252098470028FFF6D3AB019B4146F1
:10F6B000384698470028FFF6CCAB0235059BFFF78C
:10F6C000B9BB08230027A3E7111D0B911BF4807120
:10F6D0001068B0D01BF400711ABFC0B2214680B2CE
:10F6E000A9E72BF0060B1FFA8BF90DF1300B45E75C
:10F6F00029F011091FFA89F934467CE79146ABE7F6
:10F700005C4651E75C4676E7CDE902234146019B22
:10F71000202098470028FFF69CAB029A039B0132F9
:10F720009245F1DC2C1BA5181446F3B1019B414610
:10F73000302098470028FFF68CAB6FB90135A946F9
:10F740002E44A6EB09035B4521DC5D460CAE5DBB98
:10F75000D944C4E65E4693E7023541463846019BEC
:10F7600098470028EBDAFFF774BB40F2064319EA2A
:10F77000030FE4D019F0020F14BF2B20202019F43E
:10F78000806F05F10105414618BF2D20E7E7019B79
:10F79000414630209847002809F10109D1DAFFF7E6
:10F7A00058BB00BF573B0300013D019B705D4146C4
:10F7B00098470028CBDAFFF74CBB019B414620203D
:10F7C0009847002805F10105FFF643AB631B002BAA
:10F7D000F3DC73E71FB502AB0093074A4FF0CC335D
:10F7E00003F0E9F9DDE90201C00840EA4170C90807
:10F7F00005B05DF804FB00BFCDCCCCCC2DE9F04FBB
:10F8000055EC104B9DB0CDE90C322A460B91C5F357
:10F810001303290DD20FC5F30A5507908DED050A84
:10F820000A9275B922461A431BD1302343710A9BB1
:10F83000056043F002030371012738461DB0BDE89F
:10F84000F08F40F2FF7295424DD1059A13430A9B07
:10F85000079A14BF43F0080343F004031371002711
:10F86000EBE7059AB24D02F001020992059A4FEAC0
:10F87000830848EA9278970001229A461646C5F115
:10F88000000B5846089200F017FAB5F1FF3FACBFE5
:10F890008146A0F10109ABEB090B09EB05035846C2
:10F8A000069300F00FFA18A9A0F17D05584600F064
:10F8B00029FA14AB089A0193A9EB050512AB029241
:10F8C000009305982B4618AA514603F0B7F8B9F1F2
:10F8D000010F04460D4600F2D880099B002B40F032
:10F8E000CB8001276FE0059A02F001020992059A88
:10F8F00043F4801A4FEA8A081343A5F2354548EAD3
:10F9000092784FEA82074BD140F2FE7319420CBF46
:10F9100001260026002D3246B1DB284600F0C6F94C
:10F920000346032DC8BF013B1846069300F0CAF9F1
:10F93000069B7C305D1B054418A9184600F056FA5A
:10F9400014AB019312AB0093059802962B4618AAAC
:10F95000514603F073F8069B152B04460D4600F242
:10F96000888016AB734A009338464FF0CC3341463B
:10F9700003F021F9169B179A9B0843EA827303EB65
:10F980008303BB42DDE9129A0CD13846414600F0B0
:10F99000A1F9069B83428CBF00270127002612E0B5
:10F9A0000126B7E7099B002B53D1013F48F1FF31F6
:10F9B000B81B61F1000100F08DF9069B099F83429D
:10F9C0008CBF002601260D9B002B40F09380DDF8B4
:10F9D0002CB04FF00008CDF82080CDF814804FF007
:10F9E0000A0ADDE91201FFF7F5FE149B1093CDE939
:10F9F0000E0118461599FFF7EDFE0E9B0F9A119117
:10FA000098420B469341814680F08E8020462946DD
:10FA1000FFF7E0FE109A0AFB09F3934214BF002699
:10FA200006F001060E9B12930F9BCDE91339119B33
:10FA30001593089BB8F1000F14BF002707F00107CA
:10FA400001330AFB10485FFA88F8089304460D4614
:10FA5000C7E7B81C48F1000100F03CF9069B83425F
:10FA60008CBF00200120B9EB00006AF10002CDE953
:10FA7000120200273E46A6E7129B139A013B42F171
:10FA8000FF32CDE91232012788E7B9F13E0FF0D8F5
:10FA90004FF0FF33A9F1200003FA09F203FA00F056
:10FAA000C9F1200123FA01F102430A4303FA09F3E1
:10FAB00027EA030728EA020857EA08070CBF0127CC
:10FAC00000276BE700FB02FCA1FB0012013362443C
:10FAD0008C4275EB020CF5D2069A13440C9A13442F
:10FAE000D20F9342B8BF13460B9A9A42A8BF1A4648
:10FAF00093466EE70A21002201230846E8E70AFB45
:10FB000003F0A2FB0A2301310344944275EB030086
:10FB1000F5D2594510DDBBF1000F02D154EA0503BF
:10FB20000AD00123059371E70A2200230121ECE7A3
:10FB3000CCFBFFFFCDCCCCCC7EB34FF00A0A149B9C
:10FB400015990F931846FFF745FE0F9B0E910AFB80
:10FB500000F29A42814620D1DDE91201FFF73AFE18
:10FB600010900F9120462946FFF734FE0F9B109A04
:10FB70001292CDE913390E9B1593089BB8F1000F33
:10FB800014BF002707F0010701330AFB10485FFA92
:10FB900088F8089304460D46D1E7069B089A13445B
:10FBA0009946002F5AD0B8F1050F57D114F0010330
:10FBB0004AD1059A32B9DDE914239D4208BF944227
:10FBC0005FD0059B18194FF00A0445F1000100228F
:10FBD00001262546A04271EB020755D2F3B1B34589
:10FBE0001CDA0D9B73B10C9A06EB09031A441346F9
:10FBF000012A0B9AB8BF01239A42A8BF1A4696421F
:10FC000093460BDD05304FF00A024FF0000341F13F
:10FC10000001F6F7C5FA09F10109013E5E45A8BFEA
:10FC20005E4637B20FFA89F9079B09FA86F607F1A3
:10FC30000508013E98444FF00009B9452BDB079BAE
:10FC40000A9A1E601A71F8E5059B2BB9DDE91423A9
:10FC50009D4208BF944209D00123B3E7059B53B9E5
:10FC6000DDE914239D4208BF944204D1099B002B77
:10FC7000F2D1002EF0D0B8F1040F94BF002301237D
:10FC8000A0E74FF00408F1E705FB02F7A4FB0542EB
:10FC900001363A449EE70A220023F6F781FA303211
:10FCA00008F8012D09F10109C7E700BF014B5843CE
:10FCB000800C704741340100014B5843000D7047E0
:10FCC000FB2E0B00024B5843C00C0130704700BFA5
:10FCD0004F9312000A4A70B503464FF0CC3600200D
:10FCE0004FF0333506FB03F402FB0144A3FB023162
:10FCF00021449D4275EB010401D30130F2E770BD50
:10FD0000CDCCCCCC2DE9F04F1A23354EB0FBF3FA15
:10FD100003FB1A0389B004460D4606EB0A1653B9D5
:10FD2000D6E90023C1E90023D6E90201C5E90201B1
:10FD300009B0BDE8F08F2B4A02EBC303D3E9008979
:10FD400004AB0093D6E902234046494602F033FF54
:10FD500006AB0093D6E9002383460F46404649464A
:10FD600002F029FFDDE9066216EB0B0652EB0708ED
:10FD70004FF0000328BF0123814633B1049B059A4D
:10FD8000013342F10002CDE9043220460391FFF72E
:10FD900099FF07461A2000FB0AF0FFF793FF3F1A6E
:10FDA0003246434603990097484602F01FFF4FEA48
:10FDB000141C0D4A640004F01E0352F82C40DC4071
:10FDC00004F00304241841F10001C5E90041DDE914
:10FDD000042300973046414602F008FFA6E700BF23
:10FDE000A8320300D8310300503703002DE9F04F4B
:10FDF0001A27DFF8ECA000F11905B5FBF7F56F4302
:10FE00003A1A4FEA051B89B004460E460AEB05155F
:10FE10000AD1D5E90023C1E90023D5E90201C6E9E9
:10FE2000020109B0BDE8F08F2B4B03EBC203D3E90D
:10FE3000008904AB0093D5E902234046494602F00D
:10FE4000BAFE5AF80B206B68013ACDE9020106A907
:10FE500063F1000300914046494602F0ACFEDDE943
:10FE600006528A4602996D18039952EB01084FF029
:10FE7000000328BF0123814633B1049B059A013357
:10FE800042F10002CDE904323846FFF71BFF074676
:10FE90002046FFF717FF3F1A2A4643460097484679
:10FEA000514602F0A3FE4FEA141C0C4A640004F011
:10FEB0001E0352F82C40DC4004F0030401342418E3
:10FEC00041F10001C6E90041DDE90423009728461D
:10FED000414602F08BFEA2E7D8310300A4370300AD
:10FEE00078330300024610EE100AC0F3C75320F027
:10FEF000004183B9A9B3DFED1B7A1B4960EE277A75
:10FF00008A4217EE900AC0F3C753A3F1190307DA28
:10FF1000C00F00F02DB8FF2B02D130EE000A704761
:10FF20004CF250318A4202DDC00F00F031B8134468
:10FF3000FE2BF9DC002B06DD20F0FF4040EAC35326
:10FF400000EE103A704713F1180FE1DB193320F07F
:10FF5000FF4040EAC3509FED050A07EE900A27EEE6
:10FF6000800A70470000004CB03CFFFF00000033E7
:10FF70009FED050ADFED057A002808BFF0EE407A14
:10FF800027EE800A704700BF0000800000008080DC
:10FF90009FED050ADFED057A002808BFF0EE407AF4
:10FFA00027EE800A704700BFFFFF7F7FFFFF7FFFC4
:10FFB0000028BFEE007A9FED050AF7EE007A18BF21
:10FFC000F0EE477A87EE800A704700BF000000001D
:10FFD00008B52DED028BB0EE408A00F00DF820B987
:10FFE00038EE080ABDEC028B08BDDFED027A87EE21
:10FFF000A70AF7E70000000010EE103A33F00040C7
:020000023000CC
:100000000DD0A0F50003B3F1FE4F0AD3074B421EFB
:100010009A4208D9A0F1FF43584258417047022044
:100020007047042070470320704700BFFEFF7F0029
:100030007047F6F7B1BDF6F7AFBDF6F7C3BD82B0B6
:1000400070B588B00CA981E80C009DF840300646D8
:100050006C4604ADE3B10FC984E80F0094E80F00CB
:1000600085E80F003068F6F7ADFD00B383689C6843
:1000700024B308AA12E903000EAB83E8030095E855
:100080000C003046214608B0BDE8704002B0084779
:100090000CAB0FCB84E80F0094E80F0085E80F004D
:1000A0003068F6F78FFD10B18368DC68E0E76FF029
:1000B000150008B0BDE8704002B070476FF08500D1
:1000C000F7E782B0F0B591B016A981E80C0007C837
:1000D00005AE86E80700F6F775FD074670B316AB68
:1000E0000FCB08AC84E80F0094E80F000CAD85E856
:1000F0000F000598F6F766FD83685C684CB110AB9D
:1001000013E903008DE80300304695E80C00A04792
:1001100078B9BB681B78022B12D8DDE918018DE88D
:1001200003009DF86830029316AB0CCB3046FFF706
:1001300086FF11B0BDE8F04002B070470120F8E73B
:100140006FF08500F5E710B5837A04681A44C37A26
:100150001944437A14B901FB032010BD13FB01F3CA
:10016000134442689BB2934204D254F8230008B16E
:100170000138F2E76FF01500EFE7084307D182423C
:1001800001D10020704743F820000130F7E76FF0FD
:10019000150070470021F6F7E7BD82B008B502A947
:1001A000006881E80C00FFF748FF43681868F7F71C
:1001B0008DFB83681B6803B118476FF0850070479B
:1001C00083685B6803B118476FF0850070478368E8
:1001D0009B6803B118476FF08500704782B08DE8C7
:1001E0000C00002002B070472DE9F04F002585B0CB
:1001F0009B4607460E4690462B460DF1080A32688C
:10020000954201D3002037E0726802EB0511280106
:100210000C7B5CB3D8F8044014EBC30403F1010970
:100220000FD09BF80530022B22D1BBF80630082BEB
:100230001ED8DFE803F006051D1D1D1D191D170042
:10024000023403948DF808701058D1E901238168B5
:100250000C687CB1CDF800A05946A04760B90135C3
:100260004B46CCE70434ECE70634EAE79946E8E786
:100270000024E6E76FF0850005B0BDE8F08F2DE9BA
:10028000F84F136806460C461546A3B100F118074F
:1002900001F1180A4FF00009F36899450DD3314672
:1002A0002B4611F8040B04F11002FFF79DFF002804
:1002B00001DB012828D1BDE8F88F57F8088C4FF0F2
:1002C000000BB8F1000F05D109F1010910370AF14F
:1002D000080AE1E718F0010F04D14FEA58080BF1C2
:1002E000010BEEE75FFA8BF0F7F798F90028F4D0EE
:1002F00030782B4652463946FFF776FF0028DADB86
:1003000017F8043C002BE8D16B79012B53D0022B5A
:100310000FD1EB88082B0CD8DFE803F005380B0B66
:100320000B0B460B3F0001232370AB68628813441C
:1003300063802B79002BBED0A379012B05D1B4F9B2
:100340000A10B4F90800F6F767FF2378012B05D1EE
:10035000B4F90410B4F90200F6F758FF237B002B20
:100360004BD1637B002B54D1F7F7D0F8002108461E
:10037000F6F752FF00210846F6F748FF0023A38056
:1003800063802370A371A360A38194E7012323708A
:10039000AB68A2881344A380CBE70123A371AB68A9
:1003A000628913446381C4E70123A371AB68228986
:1003B00013442381BDE7EA88B2F5827F0AD8FF2A79
:1003C000B7D952B29340AA68002ADBB212DD227B71
:1003D000134308E0B2F5A57FABD1AB68002B04DD79
:1003E000237B43F001032373A3E7637B43F0010303
:1003F00063739EE7627B1343FAE70025237BEB40A0
:10040000DA0702D5A8B2F6F7C5FE0135052DF5D1FC
:10041000A7E70025637BEB40DB0702D5A8B2F6F720
:10042000D5FE0135052DF5D19EE770B500240646B1
:10043000254646FA04F3DB0703D5E0B2F6F77CFD68
:1004400005440134082CF4D1284670BD70B5002451
:100450000646254646FA04F3DB0703D5E0B2F6F775
:1004600091FD05440134082CF4D1284670BDC0F339
:100470000743072B04D00C2B05D06FF015007047F5
:1004800080B2F6F7EBBD80B2F6F73CBEC0F307438F
:10049000072B04D00C2B05D06FF01500704780B2ED
:1004A000F6F7F4BD80B2F6F747BEC0F30743072B5B
:1004B00003D00C2B04D00020704780B2F6F702BEA8
:1004C00080B2F6F755BE70B510F47F0F86B2C0F358
:1004D000074488B0A6F1E0054FEA10601AD1072D55
:1004E0001CD90724C5B20020CDE9062308AB8DF83E
:1004F00011008DF8121013E903008DE80300ADF828
:10050000084003968DF8105002AB0FCBF7F7DCF8DC
:1005100008B070BD072DE5D8072CE3D1C0B2072481
:100520000025E1E782B08DE80C004068DDE9022398
:10053000002102B0FFF7C7BF82B08DE80C00406811
:10054000DDE90223012102B0FFF7BDBF82B010B583
:10055000044602A9006881E80C00FFF76EFD4368BD
:1005600020791978BDE8104002B000F05DB982B082
:1005700010B5044602A9006881E80C00FFF75DFD94
:10058000436820791978BDE8104002B000F048B9FE
:100590002DE9FF4D06460D46174600244FF0010891
:1005A0004FF0FF3A4FF0FF3B25FA04F3DA0710D57E
:1005B00008FA04F18D430CBF0123002304F5807277
:1005C0000093CDE902AB3B4692B201213046F8F7E9
:1005D00063FE0134052CE7D104B0BDE8F08D82B094
:1005E00010B5044602A9006881E80C00FFF725FD5C
:1005F00061680022FFF7CCFFBDE81040002002B088
:10060000704782B010B5044602A9006881E80C006A
:10061000FFF713FD61680122FFF7BAFFBDE8104044
:10062000002002B0704710B5B0F90430044643B161
:10063000D0E90232134303D101F06DFFC4E9020196
:1006400010BD00220023C0E90223F9E738B5036991
:100650009C8F21449987B3F84C100A44A3F84C208E
:100660000469456804F13800FFF7DDFF04F1480034
:10067000FFF7D9FFB4F93C3053B9B4F94C303BB96A
:10068000204601F01CFE0023A364A363002038BDB4
:10069000287AC0034FF47A72002300F2E730002179
:1006A000F5F77EFD02460B462046FDF769FCEDE7B7
:1006B00082B010B5044602A9006881E80C00FFF77B
:1006C000BCFC61684A42090C494212B209B2FFF708
:1006D000BDFFBDE81040002002B0704782B010B5E9
:1006E000044602A9006881E80C00FFF7A6FC6168D7
:1006F0000AB20914FFF7AAFFBDE81040002002B0BB
:10070000704784B00DF1100C0CE90300694681E8D4
:100710000C009DF808209DF8003093420CD1012B6D
:1007200008D9022B08D10398019BC31A584258419B
:1007300004B070470120FBE70020F9E7072804D048
:100740000C2804D06FF085007047F6F78DBEF6F7E1
:1007500097BE08B5F6F7CEFCF6F702FDF6F762FD98
:10076000F6F782FEBDE80840F6F78ABE08B5F6F750
:10077000D9FE002008BD38B5F6F7C2FF04460028B0
:1007800035D003884268A17A42EA034089B3E03A4F
:10079000072A02D8DBB2072B0DD0FFF786FE50B137
:1007A0002088636843EA0040FFF770FE00281EDBE4
:1007B0002088FFF7C3FF2088636843EA0040FFF703
:1007C00056FE002813DB607AFFF72FFE0546207ADD
:1007D000F6F712FC2388072B06D0002D01DC002839
:1007E00002DD0720FFF7AAFF2088FFF7A7FF002000
:1007F00038BDFFF74BFE0028F9DB607AFFF726FED5
:100800000546F6F713FCE5E7002070470346012094
:1008100000FA03F28A431CBFB3FA83F04009704721
:100820000A460121F6F7BEBE0A460021F6F7BABE17
:10083000F0B50D4689B091B2284614461E46F6F72B
:10084000F3FEDDE90E23CDE90623029608AB074649
:1008500013E903002A468DE8030023463846CDE914
:100860000454FFF72EFC09B0F0BD37B5F6F7D6FA01
:10087000034650B1D3E90445027A0078CDE900453A
:100880005968F6F7E7FE03B030BD6FF08500FAE770
:1008900008B5F6F751FFBDE80840F6F7C9BA4B882E
:1008A00003F47F43B3F5007F14BF6FF085006FF052
:1008B0001500704738B549881D4601F47F43B3F5EC
:1008C000807F144612D1C9B2012904D0022909D06F
:1008D0006FF0150038BDF6F7ADFC092328602360E2
:1008E0000020F7E7F6F7AAFC0D23F7E76FF0850085
:1008F000F0E708B5F6F79EFCBDE808400921F6F7D9
:1009000079BF08B5F6F79AFCBDE808400D21F6F767
:1009100071BF08B5F6F796FCBDE808400A21F6F766
:1009200069BF0020704700EBC10040884008704755
:10093000F8B50346FFF7F7FFB0FA80F0C0F11F00EB
:1009400003EB800CCA00DCF81060171D0C46063261
:100950008DB256B9012101FA00F0D9680143D9607E
:10096000CCF81040DD539D52F8BDF1000431585AC7
:10097000D85303EBC0009E52C5805D52F4E710B51A
:1009800000EBC104E388994202F104010AD101237A
:1009900003FA02F2C36823EA0203C360002340F8AB
:1009A000213010BDA28840F8213000EBC20100EBDD
:1009B000C300CB808280F4E708B50346FFF7B3FF9E
:1009C000B0FA80F2C2F11F021846BDE80840FFF7F6
:1009D000D6BF2DE9F843B1FA81F5C5F11F0900EB47
:1009E00089080346D8F810200E46C2B10327D8F86C
:1009F000104018462146FFF796FFB04206D34A46FC
:100A00001846FFF7BCFF2046BDE8F88303EBC4049B
:100A1000013FE088C8F8100001D08242E7D1C5F15B
:100A200020024FF0FF349440DA681440EBD094FA7F
:100A3000A4F2B2FA82F2111D53F821402146DFE7F9
:100A400038B50346FFF76FFF0D46044611461846BA
:100A5000FFF769FF03EBC505044460006880184692
:100A6000FFF761FF014423F8314038BD38B5034634
:100A7000FFF759FF0C46A51A511A03EBC4040544AD
:100A80004800608003EBC2006C00448023F8321001
:100A900018461146FFF747FF014423F8315038BD8F
:100AA00038B50546FFF73FFF0C46014405EBC1038F
:100AB0005B88DA070AD42846FFF77EFF21462846DE
:100AC000FFF731FF22182846FFF7BAFF35F8341038
:100AD000611A05EBC1035B88DB070CD42846FFF7DE
:100AE0006BFF35F834102246611A2846FFF7A8FF3D
:100AF00035F83430E41A21462846BDE83840FFF77F
:100B000017BF61B100680439091A21F007030344D3
:100B1000C9085A8822F001025A80FFF7C1BF704706
:100B200070B5056809B9002070BDAB68B3EBD10F93
:100B3000F9D90B31CC0821462846FFF74AFF064673
:100B40000028F0D001462846FFF7EDFEA04207D965
:100B500032192846FFF78AFF11462846FFF7E8FEBC
:100B600005EBC6021046538843F00103538004305E
:100B7000DAE72DE9F84301F1FF3919EA01090668BE
:100B80000F4614460CD04B420B40042B1A464F46DE
:100B900028BF0422994664B900252846BDE8F88399
:100BA000042904D8BDE8F8431146FFF7B9BF042271
:100BB000F1E7B368B3EBD40FEED904F10B0139447C
:100BC000891AC9083046FFF704FF80460028E3D0A1
:100BD00009F1040505EBC0057B1E35441D44B5FB3A
:100BE000F7F57D43A5EB09052C442B1F07349B1B10
:100BF00024F00704A41BB0EBD30F4FEAD3074FEA4E
:100C0000E40408D201463A463046FFF72FFF41463A
:100C10003046FFF78DFE39463046FFF784FE3844F4
:100C2000844207D230462246FFF720FF2146304655
:100C3000FFF77EFE06EBC706738843F0010373805F
:100C4000ABE7043A2DE9F041CC1D114424F0070430
:100C500021F007010E1BF708B7FA87F2C2F124054D
:100C6000AD004FF000080735C2F12002ED08046026
:100C70004146A760C4F80C80920004F1100001F016
:100C80000CFD6B0043F00103638004EBC5027B1B8A
:100C90005900A4F800805180A21924F83550A2F818
:100CA0000280A35304EBC70329465A8842F001028D
:100CB0005A802046BDE8F041FFF73ABE0020704759
:100CC0000FB407B504A951F8040B0191F6F7CCFD58
:100CD00003B05DF804EB04B07047036800220BB961
:100CE000184670478B4210D10B6842B942680360C6
:100CF000914200D1436000230B60012070471360D4
:100D00004368994208BF4260F5E71A461B68E6E768
:100D1000038B13F0070305D10368002B0CBF0020E1
:100D200003207047022B05D1408BB0FA80F04009B8
:100D300080007047012B05D10368002B0CBF0020F9
:100D4000052070470020704710B50C4600B111B95E
:100D50006FF0150010BD081D00F0D3F80028F9D180
:100D6000A368032BF6D9F3E72DE9F0410D460746BA
:100D70001946281D90461E4600F0D4F8044638B1A6
:100D80003346424629463846A446BDE8F04160470E
:100D9000BDE8F08110B4EFF31182202484F31288AF
:100DA000BFF36F8F41615DF8044B0121F6F7A4BDDD
:100DB00038B50C46054658B151B10B6843B14B6884
:100DC00033B11C22002101F068FC2C61002038BDE9
:100DD0006FF01500FBE770B505460E46FFF7B4FF50
:100DE000041E14DBEFF31182202383F31288BFF378
:100DF0006F8F6B8B2C8B4FF6FF718B4204F00704C7
:100E000007D182F31188BFF36F8F6FF00A04204679
:100E100070BD022C0CD101336B8382F31188BFF3B8
:100E20006F8F0023224631462846FFF79DFFEEE7ED
:100E3000062C14D8DFE804F004131313041A04007A
:100E4000002333606B683BB9C5E90066ACB9022189
:100E50002846F6F751FDDAE71E606E60F6E782F38A
:100E60001188BFF36F8F6FF00404D0E782F311880D
:100E7000BFF36F8F6FF08504C9E782F31188BFF36A
:100E80006F8FC4E710B5EFF31182202383F312882C
:100E9000BFF36F8F048B04F00704022C0AD0012CDF
:100EA0000CBF6FF004006FF0850082F31188BFF370
:100EB0006F8F08E0438B013B9BB2438323B92146EC
:100EC000F6F71AFD204610BD2046EEE738B5A8B16A
:100ED000A1B1EFF31185202282F31288BFF36F8F47
:100EE000048BFFF7FAFE30B104F0070085F3118898
:100EF000BFF36F8F38BD6FF07700F7E76FF0150025
:100F0000F8E7034658B1426802F00302012A03D011
:100F1000032A04D1026812B10020986070476FF074
:100F2000150070474268816002F00302032A4FF007
:100F3000000203460CBF006810465A6070477047B5
:100F400010F0700F08D100F07F0310F0800F18BF71
:100F50001033012098407047002070472DE9F84376
:100F600006460F46904699460B254B464246394663
:100F70003046F8F721FE10F10B0F044603D1FDF7C0
:100F80006DFA013DF1D12046BDE8F883006840B11B
:100F900050F8043C5B688B42A0F1040001D040682B
:100FA000F5E77047006850B150F8043C5B685B6837
:100FB0009B788B42A0F1040001D04068F3E77047B2
:100FC00030B5006888B150F8043C5B681A6A1D7F30
:100FD00004380023043ADCB2A54201D84068F1E7A6
:100FE000013312F833408C42F5D130BD012801D1D4
:100FF000EFF30583FCF77CBA01460068FFF7F6BF04
:1010000008B5F7F705FCBDE80840F7F725BC002157
:101010000120FFF7EBBF61B662B680F31188BFF322
:101020006F8F704772B6002383F31188BFF36F8F01
:10103000BFF34F8F30BF62B6BFF36F8F704772B68A
:10104000002383F31188BFF36F8FBFF34F8F20BF4F
:1010500080F31188BFF36F8F62B67047202809D9DB
:10106000B0F1004F08D80138B0FA80F0C0F11F008D
:1010700040007047082070473E20704781707047DD
:1010800000207047036942685B6852681374C3F3B9
:10109000072353740020704730B444680069057B0F
:1010A00035B1407B20B9206A30BC0079FFF756BFCC
:1010B0006FF00A0030BC704710B50369C0E9053312
:1010C0000023C360837F044613B1407AF9F75AFCCA
:1010D0000123237700236377E377A37710BDFCF721
:1010E00039BCFCF7AFBC0378027903F00F011AB9E1
:1010F00059B14FF0FF3070470829FAD8012A04D1BE
:1011000083F0080040F3C000704743F3C00070470D
:1011100038B50446F8F7ECF8054660B1037A6BB1D0
:1011200020460024F9F7B2FC2846AC77FFF7C4FF4D
:101130002C72204638BD6FF01500FBE76FF077008A
:10114000F8E770B504460E461546F8F7B1FD30B91C
:1011500006B925B12046BDE87040F8F7F1BD70BD75
:1011600008B5F8F7D3FF00280CBF6FF00A00002085
:1011700008BDC343C3F3C01300F00F0000EB03101E
:10118000704708B5F8F75EFE818208BD08B5F8F72C
:1011900059FEEFF31183202282F31288BFF36F8F81
:1011A00002690A60027B2AB9807D83F31188BFF34C
:1011B0006F8F08BD0420F8E70369C9B20C2201FB58
:1011C0000233186C00F00700704770B5C9B20369AC
:1011D000EFF31185202484F31288BFF36F8F0C2660
:1011E00006FB0134246C14F0C00408D0A24206D0DF
:1011F00085F31188BFF36F8F4FF0FF3070BD06FB92
:10120000013301221A6485F31188BFF36F8F43689D
:1012100003EBC1035B6898470020EFE78022FFF7EC
:10122000D4BFF8B5069F0469C9B2EFF31186202533
:1012300085F31288BFF36F8F0C2505FB0144256CE5
:1012400005F0070CBCF1010F0CD1276486F311885F
:10125000BFF36F8FC4E90E23436853F831309847CA
:101260000020F8BD05F0C005AF4286F31188BFF33A
:101270006F8F0CBF6FF077004FF0FF30F1E713B5C1
:1012800080240094FFF7CDFF02B010BD10B40069B8
:10129000CBB21C2403FB040000215DF8044B104773
:1012A0000020FBF7FBB8002000F0B7BC1046FCF7AD
:1012B0004BBC43685B68D3F810350B600020704767
:1012C00043685B6802EA010021EA0201C3F80805ED
:1012D000C3F80C150020704743685B680020C3F812
:1012E0000815704743685B680020C3F80C15704709
:1012F00043685A68D2F8043521EA03000B40C2F86B
:101300000805C2F80C350020704710B5036958680D
:10131000F8B1884219D19C6808685860A14200D190
:101320009860002008602AB15A680A609A6859607B
:1013300002B99960002010E0814206D1086820605F
:1013400098688142EDD19C60EBE704460068002874
:10135000F2D1002AE8D16FF0150010BD13B54FF09F
:1013600080520829136E526E28BF082112BA0092CB
:101370001BBA0C460A466946019301F080F92046E3
:1013800002B010BD70B50B680546006898420C4667
:101390000AD041F8040B066983685B68984740B936
:1013A00063683268534063602B796068D84000F00E
:1013B000010070BDF0B4D40287680669134606D5F3
:1013C00012F4402F03D0DA0748BF83F44023346877
:1013D00001258D4023F48012DB074CBF2C43AC4326
:1013E00034603B68F0BC1847036911B1D960002034
:1013F00070476FF01500704710B551F8043C1C6938
:1014000023684FF400111869F9F74CFF01F083F8D5
:101410004FF47A72A0FB020302FB0131C00B40EAD9
:101420004140C90BC4E91201002204F1100000235D
:10143000BDE81040FCF7D8BD2DE9F04F002585B080
:10144000CDE902550469D0F804B006464FF00C0807
:10145000A368AB4235D84FF000084546A368434522
:1014600046D83069002D00F0968073689A68D0E9FC
:101470001231D31841EBE271C0E91231C90341EADC
:10148000534140F2E732DB0300F11004981841F1B8
:101490000001B0F57A7F71F1000377D34FF47A72CF
:1014A0000023F4F77DFE6FF00102121A4FF0FF33B4
:1014B00063EB01032046FCF797FD002005B0BDE873
:1014C000F08F676808FB057702A93846FFF75AFFD7
:1014D0000028F3DBBF68206DDBF808205B4614BFF3
:1014E0000121002100EB470000F0BBFC0135AFE714
:1014F00063680C2202FB083A236DDAF8082003EB3C
:101500004209484600F0E5FC48B9002D3CD1484668
:1015100000F0D3FC00F0010508F101089EE7484601
:1015200000F0D3FCDAF8082001900346E7680021B8
:101530003046B8479BF81020002AE6D0019B002BCC
:10154000E3D0002719E00C2303FB07F063681918A8
:101550008A45CA8815D012F0010F0CBF4FF0200C3D
:101560004FF0100C1858097942EA0C0242F480320C
:10157000FFF720FF0028C8D10137A2689742E2D3C5
:10158000C3E74FF0000CEDE70120C3E76FF0010265
:101590004FF0FF338EE74FF09861F9F783FE8CE749
:1015A00070B50446066900F0B6FF4FF47A75A0FBEB
:1015B000053205FB0121DB0B43EA4143C90BC6E9B8
:1015C00012312046BDE87040FFF736BF50F8100CCE
:1015D000FFF732BF10B504460069103000F06FFE0F
:1015E00020694FF40011BDE81040F9F75BBE30B53B
:1015F00043681360057A446804EBC504A34202D330
:101600006FF0010030BD5C798C4201D00833F0E707
:101610000020F7E7002201210420F7F735BB10B5C1
:101620000B6813B91360184605E003685C681CB1C9
:1016300014600368186810BD083303600B68013B31
:101640000B60EDE713B5002101AA0446FFF7CFFFB9
:10165000002805DB019B226819791868F9F75AFE02
:1016600002B010BD03460A4600681979012303FA47
:1016700001F103691B68194218BF82F0010212B11F
:101680008368DB68184783681B69FBE710B504466D
:101690000068D0B18368C3B149B101210830FFF7B8
:1016A000E1FF23681869BDE8104000F016BC12B9CC
:1016B0008388DB0409D4006900F00FFC2068002156
:1016C000BDE810400830FFF7CDBF10BD10B50122B6
:1016D00000210446FFF7DAFFA36933B9636004F120
:1016E0001000BDE81040FCF72FBA10BD10B500691E
:1016F00003688B4206D190F85C4034B9FFF7E6FFEF
:10170000204610BD6FF01500FBE76FF00F00F8E703
:101710002DE9F843446806690546606BFFF792FFC0
:10172000002821DBA16B481C15D1E36A9847B468F7
:1017300001270834D6E9023203EBC203A4F1080200
:10174000934213D83046FFF7C1FF6B68586BFFF721
:1017500079FF002008E004F13C00FAF797F810F157
:10176000130F01D0411DE0D1BDE8F88354F8080CF7
:1017700000F0B8FB28B354F8080C14F8041C34F833
:10178000023CD0F810E0D0F80890DEF800C0DA078C
:1017900054BF43F4B01383F4D01323F4801207FA38
:1017A00001F8DB074CBF48EA0C032CEA0803CEF82B
:1017B0000030D9F800309847002804F10804B9DA5D
:1017C000D2E76FF01200CFE738B505690446296308
:1017D00005F12000FCF7B8F9002285F85C202069AB
:1017E0001146BDE83840FFF751BF38B502780346CF
:1017F000002A52D10C69A26D32B9606D6FF073018D
:10180000BDE83840FFF7E0BFE06C40B1216D31B179
:10181000DB6823B1834202D0616E00F030FFA36C1D
:10182000A56D9BB19D4211D85B1BA3644BBB636B41
:1018300008336363A36B013BA36304F1480204F123
:10184000380104F13400FFF7EAFE6064236D9BB1B8
:101850009D4211D85B1B2365CBB9E36B0833E3636F
:10186000236C013B236404F1500204F1400104F1B4
:101870003C00FFF7D4FEE064606DBDE83840F9F746
:10188000DBBD636C002BE1D02B446364DEE7E36CCB
:10189000002BF1D02B44E364EEE738BDF8B50C46DD
:1018A000054600F04DFA0022214606462846FBF781
:1018B00037F903212046F9F7C9FF00F023F807465E
:1018C0002B689B5953B100262146284600F036FA72
:1018D00020460121F9F7BAFF3046F8BD00F012F8B2
:1018E000C01B0628ECD96FF07306EDE700F150033A
:1018F0009B009BB203F1804303F5883300221A60FA
:101900001B68704708B5FAF767F808BD10B58CB0CA
:1019100002AC8DF807100DF1070102910121CDE90C
:1019200004410024CDE90841CDE90A23039108AB25
:1019300001460693022351F8040B0793836804AA17
:101940001C6806ABA0470CB010BD30B4034600299C
:101950008069197F0CBF4FF400124FF098628368C2
:1019600005699C698CB1130208D52A6801238B4054
:1019700013420CBF4FF098624FF0307202F0C06318
:10198000A44602F4C00230BC604730BC704710B5BA
:1019900051F81C3C0C4658680021FFF7D6FF04F1B3
:1019A0000C00BDE81040FCF77DBA13B501230446D6
:1019B0000DF1060240682D21FFF7A8FFA8B99DF898
:1019C000063003F00F030F2B11D1012301460DF157
:1019D000070260688DF80730FFF798FF28B99DF877
:1019E00007303E2B18BF6FF0040002B010BD6FF03F
:1019F0001500FAE710B586B001AB61F07F010293E4
:101A000002238DF804100393014602AB04930123D3
:101A100051F8040B8DF805200593836804AA1C680F
:101A20000023A04706B010BD70B504460D4616460B
:101A30004121BA224068FFF7DDFF00210A2000F0B3
:101A4000F1FC294660683246FFF7D4FF054620B90D
:101A50006068B5224121FFF7CDFF284670BD10B464
:101A600040F6EC13A2F10A049C4207D80A235DF861
:101A7000044BB2FBF3F2D2B2FFF7D6BF6FF0150002
:101A80005DF8044B704773B5466896F828300446F5
:101A90000D4613B9002002B070BD01230DF10702FD
:101AA00011213046FFF732FF0028F4D196F82920A3
:101AB0009DF807306AB903F00F020DB142F0F00251
:101AC0009A42E7D011212046FFF7AEFF0028E1D06F
:101AD000E1E70D22F1E700222D21FFF7A5BF13B5A5
:101AE00040291C46036935D193F86C30002B2ED069
:101AF0004168062A2ED8DFE802F00410171A1D24C8
:101B0000270091F8233091F8222091F824100091B9
:101B10002168FAF759FA02B010BD22681B2102B001
:101B2000BDE81040FAF74AB922681D21F7E722689C
:101B30001F21F4E722681C2102B0BDE81040FFF726
:101B40008EBF22681E21F7E722682021F4E76FF09C
:101B50000F00E0E76FF08500DDE77FB546680446DB
:101B60000225294601356068012303AAEDB2FFF77B
:101B7000CDFE062D03D00028F3D004B070BD0028A0
:101B8000FBD101212046FFF77EFF0028F5D196F812
:101B9000240096F8233096F82220318C00902046BD
:101BA000FAF712FA0028E8D180221B212046FAF722
:101BB00005F90028E1D141F288321D212046FAF7CB
:101BC000FDF80028D9D144F268221F212046FAF7F7
:101BD000F5F80028D1D104221C212046FFF724FF6C
:101BE0000028CAD10A221E212046FFF71DFF002827
:101BF000C3D132222021204604B0BDE87040FFF757
:101C000013BF08B55A223A214068FFF7F3FE00EAF5
:101C1000E07008BD004700F060B9FAF7B5BBF7B552
:101C2000019001A8DDE9084716461D46FAF7BEFCFB
:101C3000019BB6F1000C18BF4FF0010C00EB8300C4
:101C40000B1E18BF0123002D43EA4C0314BF4FF0B5
:101C50000C0C4FF0000C002C43EA0C0314BF4FF4A3
:101C6000E06C4FF0000C002F43EA0C03D0F8002783
:101C700014BF4FF4403C4FF0000C43EA0C0322EA3F
:101C8000030301B109780EB13678760019430DB11E
:101C90002D78AD0031430CB12478240229430FB1D3
:101CA0003F783F040C433C43C0F8004703B0F0BD0D
:101CB0001FB50DF10F03019300238DF80F10009352
:101CC0001A461946FFF7ABFF05B05DF804FB08B5EF
:101CD0000146FAF7BDFC40B10846FAF7A1FC00B294
:101CE000800000F5807080B208BD4FF4BE70FBE745
:101CF00038B5054608460C46FAF7AAFCB0B10846C6
:101D0000FAF79AFC90B90846FAF78AFC2A68012388
:101D10008340C2F808332A6803B202EB8303D3F886
:101D2000102522F00302C3F8102538BD20460021FB
:101D3000BDE83840FFF7BCBFFAF710BDFFF7D8BFCA
:101D40000846FFF7C4BF00F180431A68002A1FBF8E
:101D500000221A601B68012008BF002070474FF066
:101D600080434FF46072C3F8042370474FF0804300
:101D70004FF46072C3F80823704708B5FBF756F8B4
:101D8000BDE80840FAF7DEBB70B5A2F58074A40880
:101D9000012606FA04F4054614EA010008D0A85802
:101DA00030B10021A950AA581A6822431A6030465F
:101DB00070BD2DE9F341002304460D460193904682
:101DC00001AB4FF4A672FFF7DFFF4FF48272294692
:101DD0002046FFF7D9FF4FF48C720746294620466C
:101DE000FFF7D2FF064630B1B8F1000F1DD017B192
:101DF000D4F83C353E4601AB4FF488722946204664
:101E0000FFF7C2FF30B1B8F1000F03D016B90FB120
:101E1000D4F83C3501AB4FF4907229462046FFF7C9
:101E2000B3FF019802B0BDE8F0814646E3E707B58D
:101E3000019001A8FBF74AF8019A01239340C0F8EA
:101E4000083503B05DF804FB07B5019001A8FBF766
:101E50003DF8019A01239340C0F80C3503B05DF8BA
:101E600004FB70B504786FF34104047004F00105BD
:101E700004888D42C4F38D0609D1B24203DD6FF3AD
:101E80008F04048070BDB61A66F38F04F9E7D3E9B6
:101E9000001314F0010F18BF19468E4208D21644E1
:101EA000B6F5804FF0D343F6FF7363F38F04E8E792
:101EB00085F0010444F00204E3E7008820F002000A
:101EC00080B2003818BF01207047007800F0010090
:101ED00070470078C0F34000704708B1F7F7F4B8D6
:101EE0007047704740B1C368587810F001001EBFBA
:101EF0001878B0FA80F040097047EFF3118320237F
:101F000083F31288BFF36F8FFEE708B5FFF7F5FF85
:101F100010B5D0E9003433B90020E268537843F0BB
:101F20000103537010BD204698470028F4D00028C4
:101F3000B8BF4042E368FF28A8BFFF201870ECE755
:101F400000F0ABBB00F09BBB70474169836843EA7C
:101F5000010212F003020FD1C2600269013A01FBD3
:101F6000023382689A4201D900207047C2681A6021
:101F70004269C3609B1AF4E76FF0150070472DE9C2
:101F8000F04105460F46EFF31188202383F31288B2
:101F9000BFF36F8FC668F6B90468A0421BD0D4B1F6
:101FA000D4E9003213605A60637BA66023F0020319
:101FB0006373C4E9006604F1180000F087FA204654
:101FC000A667676100F0D1F9414605F10800BDE858
:101FD000F041FCF7CDB93E60AB69EF60013BAB610E
:101FE00088F31188BFF36F8FBDE8F08108B5202416
:101FF000EFF3118384F31288BFF36F8FFFF712F8AA
:10200000F6E7D0E9003213605A60427B002322F0E9
:102010000202C0E9003342738360704790F90E30CA
:102020008B4201D0FCF754B90020704703460020D2
:10203000C3E90200C3E900337047D0E900321360FE
:102040005A60427B002322F00202C0E9003342734F
:10205000836070472DE9F843904604469DF82020A0
:102060000D4600F10809EFF31187202181F3128852
:10207000BFF36F8F02B14568A668B14515D0A6B110
:102080003046FFF7DAFF002406F1180000F01EFAD0
:102090003046B467C6F8148000F067F94846394600
:1020A000FCF766F92046BDE8F883ABB108210020B3
:1020B000FCF7B2FD002832D00122C0F80480026093
:1020C000016801F003015DB922680A430260626899
:1020D00020606AB960600BE0C8F800304046EFE766
:1020E0002A68032A10D80160616839B9C4E9000080
:1020F000002087F31188BFF36F8FD4E70A6802F0DE
:10210000030202430A60E5E722F003020A43026089
:102110002A6802F0030240EA02032B60E8E76FF04E
:102120000B00E6E710B5044630B10268930703D010
:10213000446809B100F036FA204610BD07B5012306
:10214000009300230A461946FFF784FF03B05DF8A9
:1021500004FB3AB18A4205D3C0E90212C0E900008B
:10216000002070476FF015007047026801238B4014
:1021700022EA0303036022FA01F000F00100704735
:1021800010B5032104460C30FFF7EFFF30B104F126
:10219000100000F09BF9B0FA80F0400910BD20B1AA
:1021A00000221146C83000F056B9704770B5C368B8
:1021B000C3F340069B07044616D4856802210C3001
:1021C000FFF7D3FF80B1D5F8C0206AB194421DD18A
:1021D00022689EB9D5F8C430C5F8C0209C4201D110
:1021E000C5F8C42000232360E36813F01F001EBF5E
:1021F00043F00203E36040F0020070BD3260D5F8A6
:10220000C420944208BFC5F8C460EBE716461268C4
:10221000DBE773B50446EFF31185202383F31288BF
:10222000BFF36F8F0023A0F1100603210438019340
:10223000FFF79BFF28B1A369019301A93046FBF783
:10224000D7FD85F31188BFF36F8F02B070BD38B52D
:1022500004460D461022002100F01FFA656038BDCB
:1022600013B501900846EFF31184202383F31288FD
:10227000BFF36F8F01A9FBF7BBFD84F31188BFF398
:102280006F8F02B010BD10B5FFF7EAFF041E08DD26
:10229000EFF31180202383F31288BFF36F8FFCF7D5
:1022A00079F8204610BD38B5302204460D4600218D
:1022B00000F0F3F94FF480736560E36038BD38B522
:1022C0000446EFF31185202383F31288BFF36F8F49
:1022D000FFF756FF2046FFF769FF85F31188BFF32C
:1022E0006F8F38BDEFF30580003818BF01207047AD
:1022F0006FF057007047D0E9003213605A60002336
:10230000C0E90033704708B5FFF7F5FF437B23F0C2
:10231000020343730023836008BD38B504460D46AD
:10232000FBF738FF637B43F002036373E5B1A560FD
:102330002B689D4209D16B68C4E900531C606C6036
:1023400012E06A689A42F6D01B68002BF3D094F929
:102350000E2093F90E108A42F3D09142F1DD5A68B3
:10236000C4E9003214605C6038BD10B5EFF311842D
:10237000202383F31288BFF36F8FFBF7C9FE84F32A
:102380001188BFF36F8F10BD08B5EFF311812022C4
:1023900082F31288BFF36F8F83680BB1FFF7B3FF2F
:1023A00081F31188BFF36F8F08BD10B50146EFF3BD
:1023B0001184202383F31288BFF36F8F437B13F0C4
:1023C000280F0AD183680BB1FFF79DFF4B7B23F0E9
:1023D00004034B730846FBF79BFE84F31188BFF39D
:1023E0006F8F10BD01211838FFF7DFBF10B5FFF761
:1023F000CBFFBDE81040183000F068B838B504686D
:102400000546AC424FF0000000D138BD002CFCD096
:102410002046FFF7EBFF2046FFF7A7FF2C680120BF
:10242000A542F1E738B50C460546FCF75BF8B4F178
:10243000FF3F08BFB5F1FF3F1FBF47F6FF73002204
:102440004FF47A71C0FB01321ABFD80B40EA424008
:102450004FF0FF3038BD38B5EFF31185202383F3FB
:102460001288BFF36F8F0468A04212D09CB1A1679D
:1024700062612046FFF747FF04F1180000F026F8DC
:102480002046FBF745FE012085F31188BFF36F8FCF
:1024900038BD0020F8E72046F6E710B5FCF7FEF956
:1024A0000446FCF703FA74B1D4E904321B1A62EB58
:1024B000E072B3F1004F72F1000104DA002AACBF00
:1024C0001846002010BD6FF00040FBE738B502460B
:1024D000EFF31185202383F31288BFF36F8F036816
:1024E00093B1FCF7DBF904461046FCF7E9F98442A6
:1024F00004D1FFF7D2FF0021F9F7DAFB002085F3C2
:102500001188BFF36F8F38BD6FF01500F7E708B57E
:10251000FCF7C0FA08BDFCF7BDBAB3F1FF3F08BF36
:10252000B2F1FF3F70B504461D46164613D01A435C
:1025300015D06FF00102921B4FF0FF3363EB0501E2
:10254000002904DAFCF7A6FA821941EB0501C4E977
:102550000021204670BD4FF0FF321146F7E7002200
:10256000FBE7B3F1FF3F08BFB2F1FF3FF8B5074605
:1025700016461C4610D054EA020311D0FCF78AFA22
:10258000B0420A46A14103460AD2F31A64EB0204A0
:10259000C7E900343846F8BD4FF0FF331C46F7E773
:1025A0000023FBE720B1011F50F8040C00F04BB8EA
:1025B000704710B400F10C04C0E903445DF8044B0B
:1025C000FEF73FBB2DE9F04F89B0DDE91267054604
:1025D0003B46914606A832460591FFF79EFFDDE98E
:1025E000063405F1140ACDE90234EFF311844FF0FB
:1025F000200888F31288BFF36F8F05F10C0B059943
:102600004A462846FEF7B5FA30B184F31188BFF385
:102610006F8F09B0BDE8F08F3E43F6D0DDE90223AD
:1026200006A8FFF79EFFDDE906675A46CDE9006779
:1026300021465046FBF720FEEFF3118488F3128801
:10264000BFF36F8FDBE738B50446EFF31185202326
:1026500083F31288BFF36F8FFEF753FA04F10C0077
:10266000FFF7CCFE30B1294604F11400BDE8384034
:10267000FBF77EBE85F31188BFF36F8F38BD0A4428
:10268000914200F1FF3300D1704710B511F8014BB2
:1026900003F8014F9142F9D110BD02440346934221
:1026A00000D1704703F8011BF9E7022B10B509D0E0
:1026B000920803680C6840F8044B013A41F8043B67
:1026C000F7D110BD029B022B09D0920803680C6859
:1026D00040F8044B013A41F8043BF7D1F1E70244DA
:1026E0000C78037800F8014B824201F8013BF7D1E6
:1026F000E7E7F8B50F46164604461D4698470028FA
:10270000314638460CDAA847002802DA3C46204613
:10271000F8BD31462046A8470028F8DA3446F6E7E7
:10272000A8470028F2DC31462046A8470028F5DA01
:10273000EDE72DE9F04F97B0144682070646029365
:1027400019D1A30717D1271F18BF0127002303930F
:1027500004FB01F806EB0803062906EB040B0493BF
:102760002AD8049B5B4510D8039B002B40F02281A4
:1027700017B0BDE8F08F0227E8E700973B462246F6
:1027800041462846FFF791FF11E05D4610E0A5EBBA
:102790000408029B29464046984700280ADD002F7E
:1027A000EBD12B68D8F800202A60C8F800304546E5
:1027B000AE42ECD3A344D4E74FEA5109A8EB040896
:1027C000072904FB0969B04422D0282941D9CD0842
:1027D0006543029B06EB450271193046FFF789FFFE
:1027E000494609EB0502029B8246481BFFF781FF21
:1027F0004246029B8146A8EB0501A8EB4500FFF786
:1028000078FF02464946029B5046FFF772FF814619
:1028100017BB3368D9F800203260C9F80030D946B8
:10282000C2465D460023C1455BD805933146029BF5
:10283000484698470028059B2DDC08D1A7B92B688E
:10284000D9F800202A60C9F8003025440123A144AA
:10285000E9E74246B246D5E700973B46224649465D
:102860003046FFF722FFDAE700973B46224649460B
:102870002846FFF71AFFE8E70BD117BBD8F800305E
:10288000DAF80020C8F80020CAF80030AAEB040AE1
:102890000123A8EB0408C14523D805933146029BC8
:1028A000404698470028059BE6DA97B9D9F80030EA
:1028B000D8F80020C9F80020C8F80030A8EB0408B8
:1028C000C4E700973B46224651464046FFF7EDFEDF
:1028D000DCE700973B46224641464846FFF7E5FEC7
:1028E000ECE713BB049B5B457FF63EAF5D4618E00B
:1028F00000973B46224641462846FFF7D6FE0FE0AA
:10290000A5EB0408029B29464046984700280ADDAB
:10291000002FEDD12B68D8F800202A60C8F80030CD
:102920004546AE42ECD3A344DCE7A9EB050BAA1B5A
:102930005A45A8BF5A4632B100973B46A9EB02015F
:102940003046FFF7B2FE049BA3EB0A02AAEB080590
:10295000121BAA4228BF2A4632B1049900973B466F
:10296000891A4846FFF7A1FE049B5D45D846A3EBB4
:10297000050004D93346A84606465D461846A542DA
:1029800021D9B5FBF4F1039B072B0DD816AA02EB56
:10299000C303B8FBF4F243F8406C43F83C2C039BB0
:1029A000013303930646D3E6029B2246FFF7C1FE9E
:1029B000A0450BD8039B16AA013B039302EBC3036C
:1029C00053E91001EEE7A0457FF6CEAEB8FBF4F177
:1029D0003046E7E710B5024601448A42134603D069
:1029E0001C780132002CF8D1181A10BD2DE9F047DF
:1029F000C3F13709074688465FFA89F903F01F05D6
:102A000016464FF0000A384641462A465346F3F729
:102A1000C7FBD4B2092C88BF4C443A46434688BF12
:102A2000E4B2AA4204F1300473EB0A0306F8014B46
:102A300007468846E7D23046BDE8F0872DE9F04FDB
:102A400089B00618994604AB41EB01040093154682
:102A50003046D2E900232146DDF84CB000F0ABF857
:102A600006AB0093D5E90223074688463046214647
:102A700000F0A1F8DDE90463841951EB0306069B1D
:102A8000D5E900014FF0000228BF0122D218079BB0
:102A900043F10003381848EB0101B84271EB08011B
:102AA000E9680391A96834BF0120002014EB010CF0
:102AB000039946EB010110EB0C0041F10001A0422B
:102AC00071EB060C34BF4FF0010C4FF0000CCDE958
:102AD0000623A9F1410A1CEB020243F10003CDF8E1
:102AE00000A000F083F8129BC3E90001149B012BA6
:102AF000DDE9062329D1D5E90201D5E900C5201A6F
:102B000066EB0101674578EB050534BF012500251B
:102B1000401B61F10001844276EB010534BF0125C1
:102B20000025521BCDF800A063F1000300F05EF811
:102B3000DDE90623CBE90001CDF800A020463146AF
:102B400000F054F809B0BDE8F08F17EB070E48EB22
:102B5000080C201946EB0601BE457CEB080834BF83
:102B600001270027C71941F10008D5E90001864572
:102B70007CEB010CD5E9021534BF01200020381A86
:102B800068F1000C401A6CEB050192185B41A742FA
:102B900078EB060534BF01250025521943F10003E7
:102BA000874278EB010834BF01250025521BA9F1AB
:102BB00040050095B8E7F0B50F460446A0FB0201BA
:102BC000A7FB02524919A3FB044542F10002A7FBEF
:102BD0000373611845F10004D219059E43F1000307
:102BE000121943F10003C6E90023F0BDF0B5059CBE
:102BF000C4F14007C4F1200602FA06F6A4F120054C
:102C0000BB4022FA05F53343C4F120062B4301FAF9
:102C100006F6A4F12005E04021FA05F53043BA405C
:102C20002843E14010431943F0BD2DE9F04357EC30
:102C3000106B3B463446C3F30A55C3F31303FE0F30
:102C400054EA030C067140F2FF7707D0BD420CD165
:102C500046F0080606710020BDE8F083002D63D021
:102C6000BD425ED146F00406F4E7002D59D101259E
:102C7000A5F2FF350029056059DB0C2959DCC1F1AB
:102C80000D05AD00012605F1FF3EA5F1210CC5F1B2
:102C9000210726FA07F706FA0CFC06FA0EF64CEAAC
:102CA000070CB7194CEB0C09D7F1000869EB490E7A
:102CB000013F49F1FF39274009EA0309BE427CEB95
:102CC00009090FDBC5F12009B5F1200703FA09F95D
:102CD00024FA05F545EA09055CBF43FA07F73D43C9
:102CE000ED0703D5A619344643EB0C0304EA0804A8
:102CF00003EA0E0300F112050D260846C2F1270271
:102D00004FF0300E04F00F01240944EA037406F179
:102D1000FF3C1B116F1EB1B9B0420CDA66463D464E
:102D2000F0E743F48013A3E72C462B46A2E70021EB
:102D3000E0E70D21DEE785F800E01CF101016646C1
:102D40003D46DFD188E70929C8BF89183031B04234
:102D50002970B8BF3046F0E7D1E9043293421EBF74
:102D60005A1C0A61187070470148006870470000DB
:042D70003C0C0020F7
:082D74006034FF7F0100000044
:102D7C00B19002000000000025AC02005C2E0300A4
:102D8C0061D702000000000065EC020000000000AA
:102D9C00A1AF0200842E0300A1AF0200702E03002D
:102DAC004DBB0200000000008D90020000000000EE
:102DBC0000000000FC2E03004D720200242F0300C3
:102DCC004D720200102F030000000000982E03002B
:102DDC0000000000C02E030000000000D42E0300F1
:102DEC0000000000E82E030000000000AC2E0300E1
:102DFC0081100300382F030071DC0200000000007A
:102E0C00111703004C2F03007D93020000000000FB
:102E1C00E5B10200602F030065C00200742F0300AF
:102E2C00016B020000000000456D02000000000074
:102E3C009974020000000000090803000000000063
:102E4C00BD770200000000001577020000000000B2
:102E5C00933A03000036030064310300DC010020C8
:102E6C000C170020A23A030010360300383103007F
:102E7C00DE01002060170020B03A03002836030062
:102E8C0038310300E00100206C170020A03803004B
:102E9C00A8340300B0340300CA0100200000000075
:102EAC00A9380300AC340300B0340300CC0100207B
:102EBC0000000000BC38030000000000C834030010
:102ECC00CE01002000000000DC38030000000000F0
:102EDC0020350300D001002000000000C53803009D
:102EEC00D538030038350300D20100200000000063
:102EFC00D63803000000000050350300D401002038
:102F0C0000000000E638030094010020683503003F
:102F1C00D601002080030020F33803009E0100201E
:102F2C0068350300D8010020D8030020793903004C
:102F3C0058030020EC350300DA0100204C0C002073
:102F4C00CC3A0300603603005C310300E40100203E
:102F5C00A0000020BE3A03004036030054360300A4
:102F6C00E201002000000020DD3A0300D03603000F
:0C2F7C00FC360300E6010020F0050020F8
:102F88007B1D0300151C0300000000000F10030048
:102F9800000000000F100300000000000F100300E5
:102FA80055D40200151C0300000000000F10030098
:102FB800D1CB0200151C0300000000000F10030015
:102FC800000000000F100300000000000F100300B5
:102FD800000000000F100300000000000F100300A5
:102FE800000000000F100300000000000F10030095
:102FF800000000000F100300000000000F10030085
:10300800000000000F10030000000000DDBB0200FC
:10301800000000000F100300000000000F10030064
:10302800000000000F100300000000000F10030054
:10303800000000000F100300000000000F10030044
:10304800000000000F100300000000000F10030034
:10305800000000000F100300000000000F10030024
:10306800000000000F100300000000000F10030014
:10307800000000000F100300000000000F10030004
:10308800000000000F100300000000000F100300F4
:10309800000000000F100300000000000F100300E4
:1030A800000000000F100300000000000F100300D4
:1030B800000000000F100300E9A20200151C030025
:1030C800000000000F100300000000000F100300B4
:1030D800000000000F100300000000000F100300A4
:1030E800000000000F100300000000000F10030094
:1030F800000000000F100300000000000F10030084
:1031080030040020481800200004000055920200F6
:1031180000000000000000000000000000000000A7
:1031280000000000783A03000000000000000000E2
:1031380035B00200B3120300C1120300D912030014
:10314800E5120300F1120300A1AE02000B13030005
:043158000000000073
:08315C0009B50200ED160300A5
:103164007DAC02001D1203007F120300000000006A
:0C317400B9110300000000000000000082
:1031800000000000F56A020000000000742F030038
:10319000E96E020000000000FC2E0300FD6E02003C
:1031A00000000000242F0300116F02000000000047
:0C31B000102F0300256F0200000000003B
:1031C000183B0300000100000000000000000000A8
:1031D0000338FDD870470000010000000000000027
:1031E00005000000000000001900000000000000C1
:1031F0007D000000000000007102000000000000DF
:10320000350C000000000000093D00000000000037
:103210002D31010000000000E1F505000000000074
:1032200065CD1D0000000000F902950000000000BF
:10323000DD0EE90200000000514A8D0E0000000082
:103240009573C24800000000E941CC6B010000000A
:103250008D49FD1A07000000C16FF28623000000AF
:10326000C52EBCA2B1000000D9E9AC2D7803000046
:103270003D9160E45811000031D6E275BC56000063
:10328000F52E6E4DAEB10100C9EA268367780800BD
:10329000ED95C28F055A2A00A1EDCCCE1BC2D300FA
:1032A00025A4000A8BCA22040000000000000000D0
:1032B00000000000000000100000000000000000FE
:1032C000B9340332B7F4AD1410DB1AB30892540EBC
:1032D0000D307D951447BA1A66088F4D26ADC66D20
:1032E000F598BF85E2B74511CA96853D92BD1DEBA5
:1032F000FCA11860DCEF52163C92AE220BB8C1B4B0
:10330000839D2D5B0562DA1C304C7E8F4E8BB25B49
:1033100016F4529F8B56A512FBD4827643ED8AF0A9
:103320008FE7F9311565191850F19BD94A13EEB49E
:10333000284CF0A686C1251F035FC270CB9E49169C
:10334000E642889C44EB2014B0650836AD6EA58536
:1033500085F0CA14E2FD031A0B899979D5B13D09AC
:10336000D8DA973A35EBCF10AC363F5E73BB38CF27
:103370003E6752FA44AFBA15010000000000000099
:103380000000000000000020345065C05FC9A65254
:10339000BB13CBAEC440C21806C8DF7100D5A87CF1
:1033A000F56F0FDA58FC27136E4756357D242065DC
:1033B00002C7E768E48CA41DE9E60268D7CD39614D
:1033C0007977FCC2405BEF16798CDE43FFA751F999
:1033D00091F3B278F5BDBE11E857E9D6E8BEE87BB7
:1033E000B054AC8F848D751BEA23A499E9F9D38B73
:1033F000B7A3714061DA3E15CEE33ECB73F94808BE
:103400008C97B427D51B7010A2BFEFB9EB8532158E
:103410004DB44DB49BBB6F1996B6076CF8E7EEAD93
:1034200036D9B4F59135AE13222218AF4E6A684DE5
:1034300091DAAA3D4F40741E9FBD9EE006A1C09840
:1034400057C2A7FDA40E90170E7D497173E3208F1C
:10345000B220D87605143B12853D7434811343B0F5
:10346000AD297A5F27F4351C33000300783403005C
:1034700001000000010100000100000010380300FD
:103480006C340300602F0300000000000000000007
:1034900000000000183803003E38030059380300CC
:1034A0007438030085380300570000000000000056
:1034B00001000000000000009B010300000000006C
:1034C000000000000000000002000000A96E0200E1
:1034D000516E0200DD01030000000000000000004A
:1034E0000300000000000000F034030000000000B2
:1034F0000200000000000000003503000000000092
:103500000100000000000000103503000000000072
:103510000000000000000000203503000000000053
:10352000000000000000000039050300250503002D
:10353000000000000000000000000000000000008B
:103540006F0503004D0503000000000000000000AF
:10355000000000000000000003060300DF05030078
:10356000000000000000000000000000000000005B
:10357000DD060300B10603000000000000000000AB
:103580006D07030016390300770703006B0803007B
:10359000D638030001000000000000002B390300B2
:1035A000433903005F390300B50803009F08030097
:1035B0000000000000000000517802000000000040
:1035C000000000200000000000000B0602000000C8
:1035D000D435030000000000693A0300260002070A
:1035E00000000020713A030022000B1100000000CF
:1035F000F5940200ADAB02007DAB020000000000BC
:10360000FDAC0200F1AB0200A1120300A7120300FF
:10361000FFFF000000030050000000000100000058
:103620000060004000000000FFFFFFFF00000050AE
:1036300000000000000000000060004000000000EA
:103640000500000005000000010000000A00000065
:1036500000000000E9130300D5150300A1150300C5
:10366000004000400000000000127A00000000004E
:103670000000000000000000FFFFFFFF0000FF004F
:10368000000000000000000101000000151603000A
:10369000FFFF0000A4360300FFFFFFFF0000000053
:1036A0000000000000400040B036030001000000B0
:1036B000B8360300030000002D0000040A000005D6
:1036C0002B000006842E03001400010011BE02002E
:1036D0004C2F030080841E0006010000842E03008E
:1036E0001400010000000000842E030008001100F7
:1036F000580200000002000100000000DF1A030071
:1037000000000000000000000000000000000000B9
:103710000000000000000000031C0300D71A030093
:10372000AB1903005B1B0300F2030000C80000009C
:1037300032000000000000007C2D03007C2D0300FF
:10374000AC2D0300B42D03002C2E03005C2E0300CF
:103750000000000000000000000000000000000069
:103760000000004095596959555554551555555601
:1037700004051541105455404551554440455044A9
:1037800050555545004000404004449665555655F7
:103790004540455451411540559155555555405159
:1037A000050100005445545445550504001004100B
:1037B0001404400000000140555515415404000018
:1037C00044000100000000404100004450444550C6
:1037D000540055555455655100400040010000010A
:1037E00000050100115451515455550500000000C9
:1037F000000000000000000000000000DCCFD13518
:103800000000000000C0153F0000803F0000C03FE6
:1038100044656661756C74007A6D6B5F706879736E
:103820006963616C5F6C61796F75745F73656C65FA
:103830006374696F6E5F6368616E676564007A6D5B
:103840006B5F61637469766974795F7374617465C1
:103850005F6368616E676564007A6D6B5F706F733C
:103860006974696F6E5F73746174655F6368616EBC
:10387000676564007A6D6B5F73656E736F725F6509
:1038800076656E74007A6D6B5F7573625F636F6EE1
:103890006E5F73746174655F6368616E6765640011
:1038A000626F6F746C6F61640073797372657365B6
:1038B00074004558545F504F5745520065787470F6
:1038C0006F776572006D6F6D656E746172795F6C94
:1038D0006179657200006D6F7573655F6B65795F07
:1038E0007072657373006D6F7573655F7363726F6C
:1038F0006C6C006D6F7573655F6D6F7665004E6FF4
:103900006E650055534200424C453A256400496EAD
:1039100076616C6964007A6D6B5F656E64706F6967
:103920006E745F6368616E676564007A6D6B5F6C6F
:10393000617965725F73746174655F6368616E67F6
:103940006564007A6D6B5F6D6F646966696572733B
:103950005F73746174655F6368616E676564007A44
:103960006D6B5F6B6579636F64655F7374617465BC
:103970005F6368616E676564004849445F300005B5
:10398000010906A1018501050719E029E7150025B0
:1039900001750195088102050775089501810305E8
:1039A00007150026FF00190029FF750895068100FC
:1039B000C0050C0901A1018502050C150026FF0FA9
:1039C00019002AFF0F751095068100C00501090234
:1039D000A10185030901A1000509190129051500A7
:1039E0002501750195058102750395018103050186
:1039F0000930093116008026FF7F75109502810677
:103A0000A102093816008026FF7F35004500751099
:103A100095018106C0A102050C0A38021600802615
:103A2000FF7F35004500751095018106C0C0C04676
:103A300061696C656420746F207265626F6F743A9F
:103A4000207370696E6E696E6720656E646C657355
:103A5000736C792E2E2E0A003031323334353637DE
:103A6000383941424344454600464C4153485F3053
:103A7000005352414D5F3000696E7075740075736C
:103A800062645F776F726B710001000201000101D7
:103A9000010101636C6F636B403430303030303083
:103AA00030006770696F403530303030333030006F
:103AB0006770696F403530303030303030006B73B4
:103AC00063616E000001020304050607737069401C
:103AD0003430303034303030007F857F0074726194
:103AE000636B62616C6C40300000000000000101FB
:103AF00000000000000020303030303030303030F6
:103B000030303030300001000001000000010000C2
:103B10000000006D61696E00737973776F726B716D
:103B2000002A2A2A20426F6F74696E67205A6570D6
:103B3000687972204F53206275696C64203130625D
:103B4000613664306362333862202A2A2A0A0069A7
:103B50006E66006E616E00286E756C6C2900000048
:103B600094340300983403009C340300A034030011
:103B7000A4340300843503009C350300A035030002
:103B8000A4350300A0340300683403009C34030010
:103B900068340300A434030080350300A435030017
:103BA000883503009C3403008C35030098340300EF
:043BB000CC3603000C
:103BB400000000009400002001000000000000004C
:103BC40000000000000000000000000000000000F1
:103BD40000000000000000000000000000000000E1
:103BE40000000000000000000000000000000000D1
:103BF4007817002000000000000000000000000012
:103C04000C18002000000000000000003700030032
:103C1400000000000000000000000000616B0200D2
:103C240000000000000000000000000091080300F4
:103C34000000000000000000BD0C0300DD90020045
:103C440080000000842E0300110011000000000019
:103C54000000000000000000C43603000100000062
:103C6400B0000020B00000200000000001000000AF
:103C7400C0000020C000002000000000010000007F
:103C84000000000000000000000000000000000030
:103C94000000000000000000000000000000000020
:103CA400000000004C2F0300000000000000000092
:103CB400351800202D18002000000000000000002E
:103CC40000000000000000000000000000000000F0
:103CD40000000000000000000000000000000000E0
:103CE40000000000000000000000000000000000D0
:103CF40000000000000000000000000000000000C0
:103D040000000000000000000000000000000000AF
:103D1400000000000000000000000000000000009F
:103D2400000000000000000008000000FF00000088
:103D34000000000003000000000000008C010020CF
:103D44008C0100200600080000002C011000000077
:103D5400010000002C01100103000000000000001D
:103D6400000002000000000000000000000000014C
:0A3D74000000000000000000010B39
:103D7E000000000000000000000000000000000035
:0E3D8E00000000000000000000000000000027
:103D9C000000000000000000C5EA02000000000066
:103DAC0000000000000000000002002000020020C3
:103DBC00E96A0200000000000000000000000000A2
:083DCC000000000000000000EF
:103DD400200200202002002078360020000000008D
:0C3DE4002000000014000000000000009F
:103DF0003C0200203C020020000000000000000007
:043E00000E000000B0
:103E040050020020500200200C00000010000000AE
:103E1400B835002078360020B8350020B8350020A9
:103E2400000000000000000078020020780200205A
:103E34000C0000000400000088350020B835002084
:103E440088350020883500200000000000000000B4
:103E5400A0020020A00200200100000001000000D8
:103E6400B0020020B00200200100000001000000A8
:103E74000000000000000000C8020020C80200206A
:103E84001201000200000040501D5E6101040102A5
:103E9400030109020000000100E0320904000001EE
:103EA4000300000009211101000122000007058020
:103EB400031000010403090418035A4D4B205072E7
:103EC4006F6A6563740000000000000000000000D9
:103ED4001403333630204D6F757365000000000005
:103EE400000000002203303132333435363738399C
:103EF4004142434445460000000000000000000029
:083F04000000000000000000B5
:103F0C0000000000EB0200207D100300E191020094
:103F1C0081910200000000000991020001000000E4
:043F2C008C000020E5
:103F3000FC2E0300242F0300102F0300982E0300F3
:103F4000C02E0300D42E0300E82E0300AC2E030085
:043F500015E015E083
:0400000320008AF55A
:00000001FF
